row_index,split,actual,predicted,residual,actual_cognitive_load,predicted_cognitive_load,load_level,confidence,data_source,is_synthetic_demo,model_type,kalman_enabled,anomaly_score
0,train,44.039684440672886,42.49367981391461,1.5460046267582754,44.039684440672886,42.49367981391461,low,0.9369981653823547,synthetic_demo,True,real_gb,True,0.4542634014865925
1,test,39.49509106483252,41.76402035824965,-2.2689292934171306,39.49509106483252,41.76402035824965,low,0.928931133884972,synthetic_demo,True,real_gb,True,0.5018937305740645
2,train,52.02401760004383,43.25699045630758,8.76702714373625,52.02401760004383,43.25699045630758,low,0.9271405503800237,synthetic_demo,True,real_gb,True,0.44370474033152624
3,train,36.10347447446781,42.70214047044652,-6.598665995978713,36.10347447446781,42.70214047044652,low,0.960631607096522,synthetic_demo,True,real_gb,True,0.48426774720106847
4,train,25.187821734509363,41.57579041909704,-16.387968684587676,25.187821734509363,41.57579041909704,low,0.969208542367093,synthetic_demo,True,real_gb,True,0.46454720264121774
5,train,25.319840442645436,40.59856444966194,-15.278724007016507,25.319840442645436,40.59856444966194,low,0.9413358387996763,synthetic_demo,True,real_gb,True,0.5405147510025298
6,test,41.62714631263365,40.732860722303215,0.8942855903304334,41.62714631263365,40.732860722303215,low,0.9123334686444092,synthetic_demo,True,real_gb,True,0.5112711097249955
7,train,53.04303581755511,41.52517847795685,11.517857339598258,53.04303581755511,41.52517847795685,low,0.9380521114877135,synthetic_demo,True,real_gb,True,0.4614237404805679
8,train,42.71062258321787,41.939202912951444,0.7714196702664253,42.71062258321787,41.939202912951444,low,0.9478349481755214,synthetic_demo,True,real_gb,True,0.44283440801598634
9,train,39.770268332248,41.93530450677298,-2.165036174524978,39.770268332248,41.93530450677298,low,0.9599599185216287,synthetic_demo,True,real_gb,True,0.4590317186578501
10,test,46.18981760653899,42.14553466636711,4.044282940171875,46.18981760653899,42.14553466636711,low,0.9134872484996351,synthetic_demo,True,real_gb,True,0.5767345187045552
11,train,38.44107906464068,42.120104716738105,-3.6790256520974225,38.44107906464068,42.120104716738105,low,0.9171488559310946,synthetic_demo,True,real_gb,True,0.47257297861834097
12,train,46.578801025365664,42.43650906620007,4.142291959165597,46.578801025365664,42.43650906620007,low,0.9218391620328269,synthetic_demo,True,real_gb,True,0.4779028699327864
13,train,50.599233497340364,42.80525110100158,7.793982396338784,50.599233497340364,42.80525110100158,low,0.956793933866352,synthetic_demo,True,real_gb,True,0.4253442937694054
14,test,50.105472583932865,43.16842425441194,6.937048329520927,50.105472583932865,43.16842425441194,low,0.9446492458990832,synthetic_demo,True,real_gb,True,0.4386033849988807
15,test,41.59226463485023,43.33648965379027,-1.7442250189400355,41.59226463485023,43.33648965379027,low,0.9390839806488681,synthetic_demo,True,real_gb,True,0.43642909356236437
16,test,43.66533657365531,43.27031313464833,0.3950234390069767,43.66533657365531,43.27031313464833,low,0.9656601796101585,synthetic_demo,True,real_gb,True,0.4123196854953829
17,test,55.01271519642342,43.20631103626942,11.806404160154003,55.01271519642342,43.20631103626942,low,0.9285455294818795,synthetic_demo,True,real_gb,True,0.5636654627705964
18,train,39.23106213018559,43.160310302444074,-3.9292481722584824,39.23106213018559,43.160310302444074,low,0.9628437021614379,synthetic_demo,True,real_gb,True,0.455406682111845
19,train,54.77835262082111,43.45181359243528,11.326539028385831,54.77835262082111,43.45181359243528,low,0.9621167504701857,synthetic_demo,True,real_gb,True,0.4410959803892803
20,train,40.242869598760024,43.36651539310287,-3.123645794342849,40.242869598760024,43.36651539310287,low,0.9636930797956268,synthetic_demo,True,real_gb,True,0.4129602867225651
21,train,37.35816921134053,43.27364951222265,-5.915480300882116,37.35816921134053,43.27364951222265,low,0.9214191669859935,synthetic_demo,True,real_gb,True,0.49036589552987353
22,test,38.71039456936231,43.21796869934104,-4.507574129978735,38.71039456936231,43.21796869934104,low,0.9471646181667448,synthetic_demo,True,real_gb,True,0.5074178562964972
23,test,32.848678699526864,43.17357780793228,-10.324899108405418,32.848678699526864,43.17357780793228,low,0.9295388891839073,synthetic_demo,True,real_gb,True,0.4378500614331923
24,train,49.42154349108969,43.353046457770496,6.068497033319197,49.42154349108969,43.353046457770496,low,0.9318039152533073,synthetic_demo,True,real_gb,True,0.4682860385552396
25,train,43.51759056564082,43.373603294851975,0.14398727078884832,43.51759056564082,43.373603294851975,low,0.9260653275272273,synthetic_demo,True,real_gb,True,0.44810472126363204
26,train,35.527191386004056,43.24867834497409,-7.721486958970033,35.527191386004056,43.24867834497409,low,0.9526581016721746,synthetic_demo,True,real_gb,True,0.47260074210746283
27,train,39.57796962924506,43.27764989333459,-3.6996802640895297,39.57796962924506,43.27764989333459,low,0.9519648778795368,synthetic_demo,True,real_gb,True,0.49863282035396034
28,train,50.598770682171605,43.4648780444369,7.133892637734704,50.598770682171605,43.4648780444369,low,0.9361591516592107,synthetic_demo,True,real_gb,True,0.42307668115161057
29,train,49.20549718607886,43.62193589336201,5.583561292716851,49.20549718607886,43.62193589336201,low,0.9444266442681073,synthetic_demo,True,real_gb,True,0.4800958394609356
30,train,33.80627538909483,43.453741412921374,-9.647466023826546,33.80627538909483,43.453741412921374,low,0.9441893194250837,synthetic_demo,True,real_gb,True,0.48803826316196036
31,test,36.980526498167684,43.48521181020956,-6.504685312041879,36.980526498167684,43.48521181020956,low,0.9200079220432863,synthetic_demo,True,real_gb,True,0.47632694116072544
32,train,37.64119834254772,43.40377263471345,-5.762574292165731,37.64119834254772,43.40377263471345,low,0.9375158221919969,synthetic_demo,True,real_gb,True,0.4670453903636366
33,train,39.14730107239731,43.441740007220126,-4.294438934822814,39.14730107239731,43.441740007220126,low,0.9459718988020916,synthetic_demo,True,real_gb,True,0.4343787444938962
34,test,43.27445387849741,43.435564397819064,-0.1611105193216531,43.27445387849741,43.435564397819064,low,0.9669277457323149,synthetic_demo,True,real_gb,True,0.4779548094051772
35,test,44.65509356647153,43.44736453727263,1.2077290291989016,44.65509356647153,43.44736453727263,low,0.9667811771420141,synthetic_demo,True,real_gb,True,0.43562100543627047
36,test,28.735229974168096,43.25634957491807,-14.521119600749973,28.735229974168096,43.25634957491807,low,0.9619372482527063,synthetic_demo,True,real_gb,True,0.4558427844252254
37,train,49.069819144514035,43.40603827799949,5.663780866514543,49.069819144514035,43.40603827799949,low,0.9290182286232898,synthetic_demo,True,real_gb,True,0.45379387685732053
38,train,28.745867335831083,43.19800335714653,-14.45213602131545,28.745867335831083,43.19800335714653,low,0.9385598824647196,synthetic_demo,True,real_gb,True,0.5073179673843198
39,train,44.03122580518794,43.253780628107364,0.7774451770805726,44.03122580518794,43.253780628107364,low,0.9516443536733161,synthetic_demo,True,real_gb,True,0.4835011236837017
40,train,31.97765837122758,43.12611734021833,-11.148458968990749,31.97765837122758,43.12611734021833,low,0.9660573223715131,synthetic_demo,True,real_gb,True,0.458051048039929
41,test,47.84030277577996,43.17584367970856,4.664459096071404,47.84030277577996,43.17584367970856,low,0.9514761680977899,synthetic_demo,True,real_gb,True,0.447312861081667
42,test,45.65507807479086,43.161318934459274,2.4937591403315835,45.65507807479086,43.161318934459274,low,0.9144401279950479,synthetic_demo,True,real_gb,True,0.4689990857664851
43,test,35.63862483052135,43.05049203887023,-7.41186720834888,35.63862483052135,43.05049203887023,low,0.93450060645916,synthetic_demo,True,real_gb,True,0.4708212281446044
44,train,35.06812385888256,42.92244753025442,-7.854323671371866,35.06812385888256,42.92244753025442,low,0.9837297832730377,synthetic_demo,True,real_gb,True,0.5027050397518685
45,train,56.89660170445154,43.165761357228796,13.730840347222745,56.89660170445154,43.165761357228796,low,0.9163533611656659,synthetic_demo,True,real_gb,True,0.45224061068977744
46,train,38.52767767469269,43.143752264857426,-4.616074590164736,38.52767767469269,43.143752264857426,low,0.9403707376091598,synthetic_demo,True,real_gb,True,0.4770791639387308
47,train,35.847107545750156,43.051818902914945,-7.20471135716479,35.847107545750156,43.051818902914945,low,0.9720544256652452,synthetic_demo,True,real_gb,True,0.4350464411725307
48,train,37.42146935354773,42.98530407213897,-5.563834718591245,37.42146935354773,42.98530407213897,low,0.911214076559085,synthetic_demo,True,real_gb,True,0.48210152626304026
49,test,49.084020756229,43.062026913628685,6.021993842600317,49.084020756229,43.062026913628685,low,0.9201860250614787,synthetic_demo,True,real_gb,True,0.4621594764562847
50,train,28.375361296981943,42.93406832158708,-14.558707024605134,28.375361296981943,42.93406832158708,low,0.9459960623449853,synthetic_demo,True,real_gb,True,0.4601680189035356
51,train,35.0663277882457,42.865977096289456,-7.799649308043755,35.0663277882457,42.865977096289456,low,0.9678120370502614,synthetic_demo,True,real_gb,True,0.4490662614979971
52,train,44.406262813394285,42.891503220643074,1.5147595927512114,44.406262813394285,42.891503220643074,low,0.9216608287004554,synthetic_demo,True,real_gb,True,0.47016476593238615
53,train,32.639344811670384,42.78820792831082,-10.148863116640435,32.639344811670384,42.78820792831082,low,0.9401858073397809,synthetic_demo,True,real_gb,True,0.5228411616082845
54,train,52.783354462969314,42.89876454804928,9.884589914920035,52.783354462969314,42.89876454804928,low,0.947046933726119,synthetic_demo,True,real_gb,True,0.47427781838682986
55,train,29.527557270685854,42.79481443393198,-13.267257163246128,29.527557270685854,42.79481443393198,low,0.953934760303013,synthetic_demo,True,real_gb,True,0.47618497954839945
56,train,33.76844038092,42.728294983971495,-8.959854603051497,33.76844038092,42.728294983971495,low,0.9496824785950628,synthetic_demo,True,real_gb,True,0.5018623092179492
57,test,29.600157315216734,42.60789947720385,-13.007742161987117,29.600157315216734,42.60789947720385,low,0.9532326770365632,synthetic_demo,True,real_gb,True,0.4709817817058952
58,train,42.14693956010946,42.62266753266145,-0.4757279725519936,42.14693956010946,42.62266753266145,low,0.9437295957911477,synthetic_demo,True,real_gb,True,0.47658856327015925
59,train,45.99891737290538,42.66967585417776,3.3292415187276205,45.99891737290538,42.66967585417776,low,0.9175150941795257,synthetic_demo,True,real_gb,True,0.4964471353013037
60,train,43.52802930063896,42.660032443289865,0.8679968573490981,43.52802930063896,42.660032443289865,low,0.9471660894677839,synthetic_demo,True,real_gb,True,0.45911189638156386
61,train,35.11226474383608,42.60782089367225,-7.495556149836169,35.11226474383608,42.60782089367225,low,0.9773347038115685,synthetic_demo,True,real_gb,True,0.44452508152144443
62,train,39.985475183281956,42.6188157927821,-2.633340609500145,39.985475183281956,42.6188157927821,low,0.9741112414410976,synthetic_demo,True,real_gb,True,0.47260829120321984
63,test,28.478241293640366,42.53818215994802,-14.059940866307656,28.478241293640366,42.53818215994802,low,0.9567796983707922,synthetic_demo,True,real_gb,True,0.45000256235085656
64,train,44.89783777752662,42.563792977629426,2.3340447998971925,44.89783777752662,42.563792977629426,low,0.9666642105680696,synthetic_demo,True,real_gb,True,0.44164653965773787
65,test,48.27937688514579,42.571666164824315,5.707710720321472,48.27937688514579,42.571666164824315,low,0.9257486248758956,synthetic_demo,True,real_gb,True,0.4851306726158578
66,train,41.93457993736362,42.56605295030532,-0.6314730129416972,41.93457993736362,42.56605295030532,low,0.9038777731576533,synthetic_demo,True,real_gb,True,0.5523766093962263
67,train,27.645267906106675,42.42829297047758,-14.783025064370904,27.645267906106675,42.42829297047758,low,0.9530542216796404,synthetic_demo,True,real_gb,True,0.4442373352213325
68,train,37.753350916560244,42.454943898057074,-4.70159298149683,37.753350916560244,42.454943898057074,low,0.9430074684989392,synthetic_demo,True,real_gb,True,0.4759622713301565
69,test,47.8617063199593,42.52387203849109,5.337834281468211,47.8617063199593,42.52387203849109,low,0.9602197466390243,synthetic_demo,True,real_gb,True,0.44676888497511597
70,train,27.708211573356007,42.36519724539038,-14.65698567203437,27.708211573356007,42.36519724539038,low,0.9228421110845842,synthetic_demo,True,real_gb,True,0.5094364314832518
71,test,38.41925948341163,42.511875628078414,-4.092616144666785,38.41925948341163,42.511875628078414,low,0.9325472692213482,synthetic_demo,True,real_gb,True,0.4565690099205611
72,train,39.88244289186505,42.485159715241124,-2.6027168233760776,39.88244289186505,42.485159715241124,low,0.9682690720914848,synthetic_demo,True,real_gb,True,0.48334781414457245
73,train,51.59752439844654,42.6047360561014,8.992788342345136,51.59752439844654,42.6047360561014,low,0.9063083167788841,synthetic_demo,True,real_gb,True,0.5075445616018947
74,test,45.38860428062528,42.693043108061005,2.6955611725642754,45.38860428062528,42.693043108061005,low,0.9472642339687749,synthetic_demo,True,real_gb,True,0.42017579336124117
75,train,40.4212484737018,42.64411792793629,-2.222869454234491,40.4212484737018,42.64411792793629,low,0.9562932663419205,synthetic_demo,True,real_gb,True,0.4680200485605074
76,test,33.18685233056101,42.57214977226772,-9.385297441706712,33.18685233056101,42.57214977226772,low,0.9607530554508715,synthetic_demo,True,real_gb,True,0.5235950230711557
77,train,39.5640758092482,42.59863634183653,-3.03456053258833,39.5640758092482,42.59863634183653,low,0.924158477859636,synthetic_demo,True,real_gb,True,0.4982106438571578
78,train,31.648076948795527,42.47757433956756,-10.829497390772033,31.648076948795527,42.47757433956756,low,0.9280574483343007,synthetic_demo,True,real_gb,True,0.4601350983180005
79,train,42.56697498940246,42.48649249702197,0.0804824923804901,42.56697498940246,42.48649249702197,low,0.9743207431141163,synthetic_demo,True,real_gb,True,0.4872301473662255
80,train,28.27050979237965,42.37241504577532,-14.101905253395671,28.27050979237965,42.37241504577532,low,0.9743882521412187,synthetic_demo,True,real_gb,True,0.44935548368513306
81,train,42.92865221693261,42.41537950429047,0.5132727126421415,42.92865221693261,42.41537950429047,low,0.9559423044502164,synthetic_demo,True,real_gb,True,0.49039197946174407
82,train,45.02266816899033,42.43772612577787,2.5849420432124575,45.02266816899033,42.43772612577787,low,0.9353358921911331,synthetic_demo,True,real_gb,True,0.42495497997240783
83,train,30.999294228834067,42.34228280224341,-11.342988573409343,30.999294228834067,42.34228280224341,low,0.9494554301199751,synthetic_demo,True,real_gb,True,0.47700676560220906
84,train,46.378743814398945,42.375128708693275,4.00361510570567,46.378743814398945,42.375128708693275,low,0.942070287326221,synthetic_demo,True,real_gb,True,0.4482496075082449
85,train,40.4635951304328,42.38251417348377,-1.9189190430509697,40.4635951304328,42.38251417348377,low,0.947680020469288,synthetic_demo,True,real_gb,True,0.49054394844590815
86,train,43.14477300643803,42.40556660688165,0.7392063995563802,43.14477300643803,42.40556660688165,low,0.9230247299277191,synthetic_demo,True,real_gb,True,0.5033491975847408
87,train,45.27071305254458,42.48131342195103,2.7893996305935502,45.27071305254458,42.48131342195103,low,0.9243369562973276,synthetic_demo,True,real_gb,True,0.4786727133824715
88,train,38.75172192276546,42.466986829622066,-3.7152649068566035,38.75172192276546,42.466986829622066,low,0.9240862427716487,synthetic_demo,True,real_gb,True,0.4426813669208666
89,train,51.63417298128748,42.573319382192956,9.060853599094521,51.63417298128748,42.573319382192956,low,0.9206071606466907,synthetic_demo,True,real_gb,True,0.4824009135868173
90,train,26.382600174330335,42.40951025204508,-16.026910077714746,26.382600174330335,42.40951025204508,low,0.9422164934338321,synthetic_demo,True,real_gb,True,0.5363962267877214
91,train,46.43811332040053,42.48635966429414,3.9517536561063906,46.43811332040053,42.48635966429414,low,0.9389455497610131,synthetic_demo,True,real_gb,True,0.43115347400820947
92,train,33.58221505361371,42.451892905681376,-8.869677852067667,33.58221505361371,42.451892905681376,low,0.9524878075239231,synthetic_demo,True,real_gb,True,0.47154818720101965
93,train,43.470210991101226,42.51758821384003,0.9526227772611975,43.470210991101226,42.51758821384003,low,0.9384684523939655,synthetic_demo,True,real_gb,True,0.45647690086643
94,train,44.46876662248859,42.55744688076622,1.911319741722366,44.46876662248859,42.55744688076622,low,0.9608336405426416,synthetic_demo,True,real_gb,True,0.4926004208274296
95,train,36.73205975393917,42.468193396207674,-5.736133642268506,36.73205975393917,42.468193396207674,low,0.9770181795772421,synthetic_demo,True,real_gb,True,0.4843192073708648
96,train,37.69049379930734,42.483388189530196,-4.792894390222855,37.69049379930734,42.483388189530196,low,0.9434177938183207,synthetic_demo,True,real_gb,True,0.4785731818964416
97,test,29.404534888955062,42.37643210713574,-12.971897218180679,29.404534888955062,42.37643210713574,low,0.9748490314326921,synthetic_demo,True,real_gb,True,0.44479056702906566
98,train,40.87590951965371,42.38271801867626,-1.5068084990225472,40.87590951965371,42.38271801867626,low,0.926476095255367,synthetic_demo,True,real_gb,True,0.4529855078012786
99,test,27.625877376721125,42.238607848595514,-14.61273047187439,27.625877376721125,42.238607848595514,low,0.9442600150852448,synthetic_demo,True,real_gb,True,0.47919105301819426
100,train,20.600006450548637,42.047141291339884,-21.447134840791247,20.600006450548637,42.047141291339884,low,0.9460437931708549,synthetic_demo,True,real_gb,True,0.4714984196029662
101,train,46.779220632645305,42.11933631099387,4.6598843216514325,46.779220632645305,42.11933631099387,low,0.9235889115105627,synthetic_demo,True,real_gb,True,0.4647560264993718
102,test,52.53994131098,42.23757215473364,10.302369156246357,52.53994131098,42.23757215473364,low,0.913180625170412,synthetic_demo,True,real_gb,True,0.4632272762695983
103,train,41.40512305519195,42.26382173373919,-0.8586986785472419,41.40512305519195,42.26382173373919,low,0.9465550614015514,synthetic_demo,True,real_gb,True,0.4682374442838713
104,train,50.25681696441041,42.37629397695725,7.880522987453162,50.25681696441041,42.37629397695725,low,0.9281234950337909,synthetic_demo,True,real_gb,True,0.5224168744041504
105,test,40.92653310852351,42.427772319550925,-1.5012392110274178,40.92653310852351,42.427772319550925,low,0.9461721035007953,synthetic_demo,True,real_gb,True,0.45032848285048477
106,train,50.19936492109491,42.57984065055475,7.619524270540161,50.19936492109491,42.57984065055475,low,0.9241574004917779,synthetic_demo,True,real_gb,True,0.4529443132482005
107,train,27.661977730348198,42.45935169867993,-14.797373968331733,27.661977730348198,42.45935169867993,low,0.9497503001964815,synthetic_demo,True,real_gb,True,0.44581668512193035
108,train,39.012266179019285,42.45822865065963,-3.4459624716403425,39.012266179019285,42.45822865065963,low,0.9577843750091641,synthetic_demo,True,real_gb,True,0.44378281361074884
109,test,31.82851675141446,42.38697112165753,-10.558454370243073,31.82851675141446,42.38697112165753,low,0.9408826019081539,synthetic_demo,True,real_gb,True,0.46300473792668434
110,test,26.383233087263395,42.28211182328525,-15.898878736021853,26.383233087263395,42.28211182328525,low,0.9765456102017266,synthetic_demo,True,real_gb,True,0.45208964039225413
111,train,43.3142616853162,42.299226768925955,1.015034916390242,43.3142616853162,42.299226768925955,low,0.96706334726186,synthetic_demo,True,real_gb,True,0.4386009518701683
112,train,47.9596872608226,42.37617128987565,5.583515970946948,47.9596872608226,42.37617128987565,low,0.9564083238858402,synthetic_demo,True,real_gb,True,0.4357823532707489
113,test,38.25854774052666,42.32878098686208,-4.07023324633542,38.25854774052666,42.32878098686208,low,0.9477103481299045,synthetic_demo,True,real_gb,True,0.49398452346576344
114,train,48.19747193844974,42.42102387848371,5.776448059966029,48.19747193844974,42.42102387848371,low,0.9408649479069774,synthetic_demo,True,real_gb,True,0.48542859454575144
115,train,30.520459545033695,42.348495373201295,-11.8280358281676,30.520459545033695,42.348495373201295,low,0.9508221526623128,synthetic_demo,True,real_gb,True,0.43676293337980504
116,test,36.246709938842734,42.316581083590954,-6.06987114474822,36.246709938842734,42.316581083590954,low,0.9799774212573531,synthetic_demo,True,real_gb,True,0.46823727032631624
117,test,48.451783283899644,42.42276554039219,6.029017743507453,48.451783283899644,42.42276554039219,low,0.9407984140462707,synthetic_demo,True,real_gb,True,0.4389037710656097
118,train,39.63017606007432,42.396567465578464,-2.7663914055041445,39.63017606007432,42.396567465578464,low,0.970867532807538,synthetic_demo,True,real_gb,True,0.4541430933976448
119,train,36.565401787750304,42.347842653293654,-5.78244086554335,36.565401787750304,42.347842653293654,low,0.9400831908169686,synthetic_demo,True,real_gb,True,0.48264270098146883
120,train,40.167429056770246,42.332290593505675,-2.1648615367354296,40.167429056770246,42.332290593505675,low,0.9580229890336337,synthetic_demo,True,real_gb,True,0.4449297547201519
121,train,42.985589527478254,42.34039149041322,0.6451980370650361,42.985589527478254,42.34039149041322,low,0.96026489226225,synthetic_demo,True,real_gb,True,0.4729617147231895
122,test,34.665015054434065,42.27026101617552,-7.605245961741453,34.665015054434065,42.27026101617552,low,0.9672345466316928,synthetic_demo,True,real_gb,True,0.46989210984881813
123,train,44.77494985885714,42.349426966076194,2.425522892780947,44.77494985885714,42.349426966076194,low,0.9366334957253251,synthetic_demo,True,real_gb,True,0.47995883467816775
124,train,46.66399103215068,42.3556479013511,4.308343130799585,46.66399103215068,42.3556479013511,low,0.9371909667024382,synthetic_demo,True,real_gb,True,0.4806868795787977
125,test,42.63557433352728,42.45678788593455,0.17878644759272788,42.63557433352728,42.45678788593455,low,0.9360865972780927,synthetic_demo,True,real_gb,True,0.4763558120537493
126,train,39.674763786847514,42.462251265331986,-2.787487478484472,39.674763786847514,42.462251265331986,low,0.9538679401916474,synthetic_demo,True,real_gb,True,0.4729759247655415
127,train,39.44102294424438,42.44718152459839,-3.006158580354011,39.44102294424438,42.44718152459839,low,0.9486277341316806,synthetic_demo,True,real_gb,True,0.47150601952976035
128,train,41.387152070168526,42.45813510826575,-1.070983038097225,41.387152070168526,42.45813510826575,low,0.9411866639149432,synthetic_demo,True,real_gb,True,0.46589766051540654
129,test,31.01988686889821,42.366767097635964,-11.346880228737753,31.01988686889821,42.366767097635964,low,0.926121937842863,synthetic_demo,True,real_gb,True,0.4905202756056912
130,train,41.73061360536789,42.39217260275007,-0.6615589973821798,41.73061360536789,42.39217260275007,low,0.9478030751774837,synthetic_demo,True,real_gb,True,0.4701620873605943
131,train,37.56318573892751,42.368634657106035,-4.805448918178527,37.56318573892751,42.368634657106035,low,0.9270094007594833,synthetic_demo,True,real_gb,True,0.4933437759537472
132,train,45.04465101832309,42.43366981591732,2.6109812024057675,45.04465101832309,42.43366981591732,low,0.9044927606241357,synthetic_demo,True,real_gb,True,0.5424496524309025
133,train,36.96746638952972,42.368677714849774,-5.401211325320055,36.96746638952972,42.368677714849774,low,0.9398714650690658,synthetic_demo,True,real_gb,True,0.4867410832377726
134,train,30.025542698557995,42.25997424851627,-12.234431549958277,30.025542698557995,42.25997424851627,low,0.924693998594364,synthetic_demo,True,real_gb,True,0.4419908990112926
135,train,36.25933126203964,42.19417808960488,-5.934846827565245,36.25933126203964,42.19417808960488,low,0.9484850718409852,synthetic_demo,True,real_gb,True,0.48588698433639604
136,test,32.79529818907123,42.1683556958975,-9.373057506826271,32.79529818907123,42.1683556958975,low,0.9452403901131425,synthetic_demo,True,real_gb,True,0.43111538016189194
137,test,37.917577010850074,42.14918455489507,-4.231607544044998,37.917577010850074,42.14918455489507,low,0.9480387949302652,synthetic_demo,True,real_gb,True,0.45565169119950405
138,train,42.583572941620126,42.19881458403323,0.3847583575868967,42.583572941620126,42.19881458403323,low,0.9777154889965718,synthetic_demo,True,real_gb,True,0.4834825108825634
139,test,41.31964533358856,42.26899938079033,-0.9493540472017727,41.31964533358856,42.26899938079033,low,0.9365176181407059,synthetic_demo,True,real_gb,True,0.473932532768181
140,train,35.198172141939196,42.213537679575566,-7.01536553763637,35.198172141939196,42.213537679575566,low,0.9382098933078639,synthetic_demo,True,real_gb,True,0.5100209880944174
141,test,33.14729918583157,42.12716611615819,-8.979866930326622,33.14729918583157,42.12716611615819,low,0.9321139735499273,synthetic_demo,True,real_gb,True,0.5055949458409987
142,train,39.888291325628146,42.0935015031594,-2.2052101775312565,39.888291325628146,42.0935015031594,low,0.9162071601808482,synthetic_demo,True,real_gb,True,0.5046090340423172
143,train,38.012572132234915,42.09798462510363,-4.085412492868713,38.012572132234915,42.09798462510363,low,0.9425298334226088,synthetic_demo,True,real_gb,True,0.4249508601040817
144,train,41.638314037974254,42.11127448134162,-0.47296044336736287,41.638314037974254,42.11127448134162,low,0.9185822645517971,synthetic_demo,True,real_gb,True,0.4682248718969478
145,train,49.869893786295286,42.21983960952515,7.6500541767701336,49.869893786295286,42.21983960952515,low,0.9452910804623876,synthetic_demo,True,real_gb,True,0.4934016633625781
146,train,56.193368844060366,42.35258289170478,13.840785952355589,56.193368844060366,42.35258289170478,low,0.9516191009491088,synthetic_demo,True,real_gb,True,0.4486586459342332
147,train,30.951646127423643,42.2758512206157,-11.324205093192056,30.951646127423643,42.2758512206157,low,0.9501010858742767,synthetic_demo,True,real_gb,True,0.4827193797968879
148,train,39.29715902325317,42.24215258540196,-2.944993562148788,39.29715902325317,42.24215258540196,low,0.9359062861410634,synthetic_demo,True,real_gb,True,0.5575284918945608
149,train,47.67166290039945,42.31635940454658,5.355303495852866,47.67166290039945,42.31635940454658,low,0.9231890809214679,synthetic_demo,True,real_gb,True,0.5097500263598459
150,train,39.638707258511516,42.30685505064802,-2.6681477921365016,39.638707258511516,42.30685505064802,low,0.9576225840950464,synthetic_demo,True,real_gb,True,0.48257489350999005
151,train,35.28165444641166,42.30445885348572,-7.022804407074062,35.28165444641166,42.30445885348572,low,0.9542226739913637,synthetic_demo,True,real_gb,True,0.439786320475998
152,train,33.05882717560945,42.260362540844454,-9.201535365235003,33.05882717560945,42.260362540844454,low,0.9115019604605906,synthetic_demo,True,real_gb,True,0.5182758620466789
153,train,33.70385268571519,42.14858121796907,-8.444728532253876,33.70385268571519,42.14858121796907,low,0.9197191759788373,synthetic_demo,True,real_gb,True,0.4666569589969194
154,train,40.598503376516575,42.158671789518806,-1.5601684130022306,40.598503376516575,42.158671789518806,low,0.9237710134919194,synthetic_demo,True,real_gb,True,0.44806182413814855
155,train,37.96452774536302,42.13248262099366,-4.167954875630642,37.96452774536302,42.13248262099366,low,0.9657081903831312,synthetic_demo,True,real_gb,True,0.49683638942193453
156,train,44.21742233775502,42.179061369326064,2.038360968428954,44.21742233775502,42.179061369326064,low,0.9489953327010128,synthetic_demo,True,real_gb,True,0.42688165098665715
157,test,32.205534478560274,42.10663539815392,-9.901100919593645,32.205534478560274,42.10663539815392,low,0.9662353492521207,synthetic_demo,True,real_gb,True,0.4546969362674778
158,train,34.56005992864121,42.01244233690383,-7.452382408262622,34.56005992864121,42.01244233690383,low,0.9144306433709208,synthetic_demo,True,real_gb,True,0.49465836545569136
159,train,30.56233007623419,41.913533833948804,-11.351203757714615,30.56233007623419,41.913533833948804,low,0.9320873807239816,synthetic_demo,True,real_gb,True,0.5061147294506632
160,test,30.427774750167526,41.83376575509929,-11.405991004931767,30.427774750167526,41.83376575509929,low,0.9377677285509082,synthetic_demo,True,real_gb,True,0.4792103721578012
161,train,45.635425485722095,41.90579313815338,3.7296323475687174,45.635425485722095,41.90579313815338,low,0.9415601552321027,synthetic_demo,True,real_gb,True,0.44910423118531434
162,train,33.200556986397764,41.85557177520185,-8.655014788804088,33.200556986397764,41.85557177520185,low,0.9512639978436253,synthetic_demo,True,real_gb,True,0.44558737922246444
163,test,34.903151438365654,41.93900682236153,-7.035855383995873,34.903151438365654,41.93900682236153,low,0.9366377976458287,synthetic_demo,True,real_gb,True,0.4350450389150413
164,train,55.15458916501449,42.12398043453932,13.030608730475173,55.15458916501449,42.12398043453932,low,0.9345318662480981,synthetic_demo,True,real_gb,True,0.4611853154050389
165,train,31.127574193793805,42.0210927724213,-10.893518578627493,31.127574193793805,42.0210927724213,low,0.9555373420669557,synthetic_demo,True,real_gb,True,0.47043727256268114
166,train,34.00393859920873,41.95991711144784,-7.955978512239106,34.00393859920873,41.95991711144784,low,0.914291079008651,synthetic_demo,True,real_gb,True,0.5243120619707683
167,test,35.89916370653545,41.88240038872293,-5.983236682187481,35.89916370653545,41.88240038872293,low,0.9500000166837197,synthetic_demo,True,real_gb,True,0.5089680587296673
168,train,39.27095982890212,41.914058339029864,-2.643098510127743,39.27095982890212,41.914058339029864,low,0.937992860280266,synthetic_demo,True,real_gb,True,0.47397322830747574
169,train,43.71549462356796,41.928077931828035,1.787416691739928,43.71549462356796,41.928077931828035,low,0.9408475045417006,synthetic_demo,True,real_gb,True,0.48272474194907183
170,train,34.10387948353943,41.85660392702159,-7.752724443482158,34.10387948353943,41.85660392702159,low,0.9441660487302896,synthetic_demo,True,real_gb,True,0.4720369942401085
171,train,45.01260197836487,41.86170016759937,3.1509018107654967,45.01260197836487,41.86170016759937,low,0.947655396633,synthetic_demo,True,real_gb,True,0.45710915723334833
172,train,33.610888341232354,41.805644131219935,-8.194755789987582,33.610888341232354,41.805644131219935,low,0.9403588427814634,synthetic_demo,True,real_gb,True,0.4936044833021729
173,train,35.044977253154755,41.74698559266475,-6.7020083395099945,35.044977253154755,41.74698559266475,low,0.9265412296274885,synthetic_demo,True,real_gb,True,0.4652153639719335
174,train,39.2486014732814,41.72297485903839,-2.4743733857569907,39.2486014732814,41.72297485903839,low,0.9428923191374468,synthetic_demo,True,real_gb,True,0.469192681708561
175,test,53.40689787474287,41.89029771239577,11.516600162347096,53.40689787474287,41.89029771239577,low,0.9237222884361023,synthetic_demo,True,real_gb,True,0.4943137079416617
176,train,50.75299522760387,42.03110377393326,8.721891453670608,50.75299522760387,42.03110377393326,low,0.9440644833914665,synthetic_demo,True,real_gb,True,0.5064963220119151
177,test,31.69414607384835,42.0028898151812,-10.308743741332847,31.69414607384835,42.0028898151812,low,0.9654406267482413,synthetic_demo,True,real_gb,True,0.4986945825789186
178,train,36.41813011280084,41.926842102266306,-5.508711989465468,36.41813011280084,41.926842102266306,low,0.9506420664256835,synthetic_demo,True,real_gb,True,0.4712186046484448
179,train,40.32991869369157,41.88547285756532,-1.555554163873751,40.32991869369157,41.88547285756532,low,0.9512477441293923,synthetic_demo,True,real_gb,True,0.4558362418532094
180,train,38.92162300875643,41.877017909742435,-2.9553949009860077,38.92162300875643,41.877017909742435,low,0.9134854059642886,synthetic_demo,True,real_gb,True,0.5235162908722897
181,train,34.946003211891494,41.801329246739854,-6.8553260348483605,34.946003211891494,41.801329246739854,low,0.9273674032012114,synthetic_demo,True,real_gb,True,0.46589712261758653
182,test,47.65234317958229,41.829532780726915,5.822810398855374,47.65234317958229,41.829532780726915,low,0.9451541652065817,synthetic_demo,True,real_gb,True,0.500150044188362
183,train,30.531970255722165,41.77718388831361,-11.245213632591444,30.531970255722165,41.77718388831361,low,0.9543127892163943,synthetic_demo,True,real_gb,True,0.4521939613866104
184,train,24.73610491801157,41.64779828103426,-16.911693363022692,24.73610491801157,41.64779828103426,low,0.9625070137266628,synthetic_demo,True,real_gb,True,0.46143363401097365
185,train,49.35064894343169,41.74865645252617,7.601992490905523,49.35064894343169,41.74865645252617,low,0.902268038482738,synthetic_demo,True,real_gb,True,0.5297679846316575
186,train,43.99822028146947,41.81046204275865,2.1877582387108205,43.99822028146947,41.81046204275865,low,0.9580356564354842,synthetic_demo,True,real_gb,True,0.41702956708479455
187,test,37.36435750544202,41.81839237808589,-4.4540348726438665,37.36435750544202,41.81839237808589,low,0.950283874748905,synthetic_demo,True,real_gb,True,0.504085899649427
188,train,43.595264310416404,41.85337090951124,1.7418934009051625,43.595264310416404,41.85337090951124,low,0.9294915433357248,synthetic_demo,True,real_gb,True,0.5098947357920783
189,train,39.37285378132429,41.884147765768866,-2.5112939844445776,39.37285378132429,41.884147765768866,low,0.9384515246727758,synthetic_demo,True,real_gb,True,0.5127355434136549
190,test,38.3588762466885,41.89632521807888,-3.5374489713903756,38.3588762466885,41.89632521807888,low,0.960805057900421,synthetic_demo,True,real_gb,True,0.5394707709580369
191,train,41.37475799568571,41.941583208178514,-0.5668252124928017,41.37475799568571,41.941583208178514,low,0.9224970899545429,synthetic_demo,True,real_gb,True,0.4494111804076786
192,train,49.153748541281594,42.03119711979135,7.122551421490243,49.153748541281594,42.03119711979135,low,0.9687716303407026,synthetic_demo,True,real_gb,True,0.429242963182598
193,train,38.905990765518006,42.011658552887,-3.1056677873689935,38.905990765518006,42.011658552887,low,0.9724805457803665,synthetic_demo,True,real_gb,True,0.5162013726750985
194,test,36.179448099859094,41.99703738405851,-5.817589284199414,36.179448099859094,41.99703738405851,low,0.9320205079515531,synthetic_demo,True,real_gb,True,0.5016276693412688
195,test,37.78326828763932,41.96445405974008,-4.181185772100754,37.78326828763932,41.96445405974008,low,0.9193301722648792,synthetic_demo,True,real_gb,True,0.5065901034289915
196,train,24.244848355893303,41.81048542403632,-17.56563706814302,24.244848355893303,41.81048542403632,low,0.9272155022111155,synthetic_demo,True,real_gb,True,0.5303091401257582
197,train,48.28220644528607,41.90589096548436,6.376315479801711,48.28220644528607,41.90589096548436,low,0.9564239227117528,synthetic_demo,True,real_gb,True,0.4407408275147282
198,train,43.99124441325034,41.97233175230036,2.0189126609499795,43.99124441325034,41.97233175230036,low,0.9672031253745409,synthetic_demo,True,real_gb,True,0.4905006228533385
199,train,37.415598008999815,41.90978342968712,-4.494185420687302,37.415598008999815,41.90978342968712,low,0.9309831337260233,synthetic_demo,True,real_gb,True,0.4975719196642096
200,train,64.60042502641448,42.192430536322256,22.40799449009223,64.60042502641448,42.192430536322256,low,0.9136706702926941,synthetic_demo,True,real_gb,True,0.47329445417705
201,train,39.612090760571526,42.20600132713332,-2.593910566561796,39.612090760571526,42.20600132713332,low,0.9772463808897891,synthetic_demo,True,real_gb,True,0.4957956392923984
202,train,37.14126837773065,42.18115888474623,-5.039890507015585,37.14126837773065,42.18115888474623,low,0.9410716322264931,synthetic_demo,True,real_gb,True,0.4527165703323457
203,train,32.71712072817274,42.130862148535236,-9.413741420362499,32.71712072817274,42.130862148535236,low,0.9340681056490795,synthetic_demo,True,real_gb,True,0.44929843085405974
204,train,40.7635779580325,42.12397303683673,-1.3603950788042312,40.7635779580325,42.12397303683673,low,0.9266135399456944,synthetic_demo,True,real_gb,True,0.4836679369640169
205,train,39.784923320206275,42.10291260546784,-2.317989285261568,39.784923320206275,42.10291260546784,low,0.9509813030103932,synthetic_demo,True,real_gb,True,0.4532491306442324
206,train,44.593031483306476,42.157486229633925,2.435545253672551,44.593031483306476,42.157486229633925,low,0.917622040270584,synthetic_demo,True,real_gb,True,0.45946432834594236
207,train,48.150612488180286,42.23828777867415,5.912324709506137,48.150612488180286,42.23828777867415,low,0.9609849050288997,synthetic_demo,True,real_gb,True,0.4839530084467282
208,test,37.93439175502063,42.30982007485092,-4.3754283198302915,37.93439175502063,42.30982007485092,low,0.9648211629174962,synthetic_demo,True,real_gb,True,0.47999329034033755
209,train,31.111766457891026,42.239592386023936,-11.12782592813291,31.111766457891026,42.239592386023936,low,0.9795880029190863,synthetic_demo,True,real_gb,True,0.46090099735809337
210,train,40.120993114941925,42.24972002949105,-2.1287269145491265,40.120993114941925,42.24972002949105,low,0.9205422465947005,synthetic_demo,True,real_gb,True,0.5041129528588829
211,train,30.95321765537126,42.14510423349825,-11.19188657812699,30.95321765537126,42.14510423349825,low,0.953859389352162,synthetic_demo,True,real_gb,True,0.4382165168422532
212,test,28.10644300531124,42.062205716403945,-13.955762711092703,28.10644300531124,42.062205716403945,low,0.9258364623082727,synthetic_demo,True,real_gb,True,0.4599479244326485
213,train,34.95693428406098,42.02150205644747,-7.064567772386489,34.95693428406098,42.02150205644747,low,0.9328429641032348,synthetic_demo,True,real_gb,True,0.4653298404008019
214,train,45.65687523949581,42.104478586538924,3.5523966529568867,45.65687523949581,42.104478586538924,low,0.9507288292327674,synthetic_demo,True,real_gb,True,0.49433873824488633
215,train,44.24366210620861,42.18416239611929,2.0594997100893195,44.24366210620861,42.18416239611929,low,0.9267021336807435,synthetic_demo,True,real_gb,True,0.4842091868098601
216,train,42.295070195438576,42.18848317971979,0.10658701571878737,42.295070195438576,42.18848317971979,low,0.9440170552324747,synthetic_demo,True,real_gb,True,0.5020297468185196
217,train,37.46450625982764,42.1629039651449,-4.698397705317262,37.46450625982764,42.1629039651449,low,0.9447432569538359,synthetic_demo,True,real_gb,True,0.4822427795439763
218,train,50.4895872190563,42.257015181016435,8.232572038039862,50.4895872190563,42.257015181016435,low,0.9227012272859546,synthetic_demo,True,real_gb,True,0.45887713875987923
219,train,28.559894082586464,42.1085043128205,-13.548610230234036,28.559894082586464,42.1085043128205,low,0.9230856542952012,synthetic_demo,True,real_gb,True,0.5060366784294812
220,train,43.91972587777451,42.1438645612051,1.7758613165694115,43.91972587777451,42.1438645612051,low,0.9493684442179565,synthetic_demo,True,real_gb,True,0.445070709446976
221,train,38.1446522079505,42.132155665787536,-3.987503457837036,38.1446522079505,42.132155665787536,low,0.9535488483765464,synthetic_demo,True,real_gb,True,0.46332231619257513
222,train,32.0830082414732,42.052576413543534,-9.969568172070332,32.0830082414732,42.052576413543534,low,0.9819058800088387,synthetic_demo,True,real_gb,True,0.49165739630654903
223,test,38.40776373369089,41.99773956339033,-3.5899758296994406,38.40776373369089,41.99773956339033,low,0.9357435638222763,synthetic_demo,True,real_gb,True,0.49524463965156595
224,test,43.18473477442835,42.103002666654504,1.0817321077738455,43.18473477442835,42.103002666654504,low,0.9517400950116814,synthetic_demo,True,real_gb,True,0.4541638180686564
225,train,37.574865609813195,42.050022461020475,-4.475156851207281,37.574865609813195,42.050022461020475,low,0.9293122425653613,synthetic_demo,True,real_gb,True,0.44454039657390987
226,train,39.813681248961366,42.09162119513004,-2.2779399461686722,39.813681248961366,42.09162119513004,low,0.9725416880419431,synthetic_demo,True,real_gb,True,0.489827078810754
227,train,45.641660314493436,42.1525436371457,3.489116677347738,45.641660314493436,42.1525436371457,low,0.963248533599302,synthetic_demo,True,real_gb,True,0.4517042737962701
228,train,35.73042681612385,42.14255571973604,-6.412128903612185,35.73042681612385,42.14255571973604,low,0.9695831487595472,synthetic_demo,True,real_gb,True,0.4830039846842236
229,train,52.46294920709828,42.27629674784356,10.186652459254724,52.46294920709828,42.27629674784356,low,0.9175872543830093,synthetic_demo,True,real_gb,True,0.45535863007849864
230,train,30.619695484656052,42.162229540883196,-11.542534056227144,30.619695484656052,42.162229540883196,low,0.9078385192275977,synthetic_demo,True,real_gb,True,0.47624291060440316
231,train,45.015522883871576,42.20335634435244,2.812166539519133,45.015522883871576,42.20335634435244,low,0.937760036717989,synthetic_demo,True,real_gb,True,0.4916402964622186
232,train,44.38499373132287,42.298077193283184,2.086916538039688,44.38499373132287,42.298077193283184,low,0.9308532695501077,synthetic_demo,True,real_gb,True,0.4807544973706405
233,train,45.03214533605343,42.40283550957731,2.629309826476124,45.03214533605343,42.40283550957731,low,0.9568476306177379,synthetic_demo,True,real_gb,True,0.42642038986821207
234,train,27.297689515354012,42.27299363787358,-14.97530412251957,27.297689515354012,42.27299363787358,low,0.9425441123086078,synthetic_demo,True,real_gb,True,0.467310432833747
235,train,32.56107551547059,42.18964320470535,-9.628567689234757,32.56107551547059,42.18964320470535,low,0.946190670330333,synthetic_demo,True,real_gb,True,0.50527672144106
236,train,39.88668336690308,42.22467848664593,-2.3379951197428497,39.88668336690308,42.22467848664593,low,0.9253541061705433,synthetic_demo,True,real_gb,True,0.48856962182668945
237,test,47.54214163721721,42.275111873126036,5.267029764091177,47.54214163721721,42.275111873126036,low,0.962659884565253,synthetic_demo,True,real_gb,True,0.4695054316154845
238,train,48.12708126083663,42.38347937263588,5.74360188820075,48.12708126083663,42.38347937263588,low,0.9044441387366762,synthetic_demo,True,real_gb,True,0.5137296801601878
239,train,37.062447892086126,42.369780655358355,-5.307332763272228,37.062447892086126,42.369780655358355,low,0.9069840589554446,synthetic_demo,True,real_gb,True,0.5083533338010698
240,test,48.852808792637425,42.44504151147349,6.407767281163935,48.852808792637425,42.44504151147349,low,0.9200961921233646,synthetic_demo,True,real_gb,True,0.5328252543696149
241,train,43.000349117414636,42.50776183704584,0.4925872803687952,43.000349117414636,42.50776183704584,low,0.9430813433239703,synthetic_demo,True,real_gb,True,0.4597175218257173
242,train,38.06647877302526,42.44792556535663,-4.381446792331367,38.06647877302526,42.44792556535663,low,0.9590653266937076,synthetic_demo,True,real_gb,True,0.5108461598744967
243,train,37.48713212659677,42.439382861363804,-4.952250734767034,37.48713212659677,42.439382861363804,low,0.9485447127503224,synthetic_demo,True,real_gb,True,0.4698153441827782
244,train,44.83346793904365,42.54232385547869,2.2911440835649586,44.83346793904365,42.54232385547869,low,0.9471400999102345,synthetic_demo,True,real_gb,True,0.4558494497215196
245,train,50.32042821948017,42.62225734649296,7.6981708729872125,50.32042821948017,42.62225734649296,low,0.9383808895485176,synthetic_demo,True,real_gb,True,0.5314147654598459
246,train,40.38764953698071,42.61480290982924,-2.2271533728485267,40.38764953698071,42.61480290982924,low,0.9325013102641474,synthetic_demo,True,real_gb,True,0.4862004009778829
247,train,56.57833182371997,42.760334230162016,13.817997593557955,56.57833182371997,42.760334230162016,low,0.9195081432545782,synthetic_demo,True,real_gb,True,0.4851642661467973
248,train,41.78239736203492,42.797215089779264,-1.0148177277443438,41.78239736203492,42.797215089779264,low,0.9585920442505603,synthetic_demo,True,real_gb,True,0.45031287699953854
249,train,40.84721513797561,42.77067558279693,-1.9234604448213233,40.84721513797561,42.77067558279693,low,0.9545498026770637,synthetic_demo,True,real_gb,True,0.4305811171169665
250,train,47.42658245475975,42.841304771393894,4.5852776833658595,47.42658245475975,42.841304771393894,low,0.9477899256417696,synthetic_demo,True,real_gb,True,0.4389668890697677
251,train,47.75034090445856,42.931379075892536,4.8189618285660245,47.75034090445856,42.931379075892536,low,0.9510415289675566,synthetic_demo,True,real_gb,True,0.4469516508929162
252,train,38.288366604993826,42.92967766270651,-4.641311057712684,38.288366604993826,42.92967766270651,low,0.9636441224464133,synthetic_demo,True,real_gb,True,0.4753803363311499
253,train,37.176543903104985,42.85521106019374,-5.6786671570887535,37.176543903104985,42.85521106019374,low,0.9129130268513681,synthetic_demo,True,real_gb,True,0.5109539479706703
254,train,46.02499522310746,42.884151558016136,3.1408436650913245,46.02499522310746,42.884151558016136,low,0.9092969082087613,synthetic_demo,True,real_gb,True,0.4684221240313925
255,train,40.96469226210582,42.88799446641054,-1.9233022043047185,40.96469226210582,42.88799446641054,low,0.968471650661002,synthetic_demo,True,real_gb,True,0.48108499020939816
256,train,39.91036325724486,42.903693547685016,-2.9933302904401557,39.91036325724486,42.903693547685016,low,0.952483260377999,synthetic_demo,True,real_gb,True,0.4688967867952961
257,train,31.03992412923012,42.82387539811074,-11.783951268880617,31.03992412923012,42.82387539811074,low,0.9577762841877565,synthetic_demo,True,real_gb,True,0.4449519213520209
258,train,34.96002473795903,42.7549256773887,-7.794900939429667,34.96002473795903,42.7549256773887,low,0.955039374085156,synthetic_demo,True,real_gb,True,0.5236135820676644
259,train,38.636696953267204,42.73242982478696,-4.095732871519758,38.636696953267204,42.73242982478696,low,0.9775545382709417,synthetic_demo,True,real_gb,True,0.4412062023884839
260,train,38.94212581303637,42.72934828493154,-3.78722247189517,38.94212581303637,42.72934828493154,low,0.9344700297894182,synthetic_demo,True,real_gb,True,0.47543221879469366
261,train,26.732982679428186,42.60484007185455,-15.87185739242636,26.732982679428186,42.60484007185455,low,0.9533459957707956,synthetic_demo,True,real_gb,True,0.45892883137341517
262,train,36.25952820092856,42.560455071550464,-6.3009268706219075,36.25952820092856,42.560455071550464,low,0.9244497193880058,synthetic_demo,True,real_gb,True,0.4284632960653045
263,train,37.861975598829375,42.55523660264582,-4.6932610038164455,37.861975598829375,42.55523660264582,low,0.9141105705357256,synthetic_demo,True,real_gb,True,0.4792133650245332
264,train,38.29347832170521,42.56216171826242,-4.268683396557215,38.29347832170521,42.56216171826242,low,0.9556937449770324,synthetic_demo,True,real_gb,True,0.44503838776131127
265,train,29.98027085572325,42.44683669968712,-12.466565843963867,29.98027085572325,42.44683669968712,low,0.9237364390322728,synthetic_demo,True,real_gb,True,0.5049011313345481
266,train,35.06749820884423,42.37018230148026,-7.302684092636035,35.06749820884423,42.37018230148026,low,0.9051475400293651,synthetic_demo,True,real_gb,True,0.463431655947009
267,test,47.93273987728874,42.35639430739866,5.57634556989008,47.93273987728874,42.35639430739866,low,0.9748002443316144,synthetic_demo,True,real_gb,True,0.4735501712864309
268,train,36.42339383900776,42.307835621824026,-5.884441782816268,36.42339383900776,42.307835621824026,low,0.9512960117642373,synthetic_demo,True,real_gb,True,0.4651581945105339
269,train,43.313747016793855,42.32512321340381,0.9886238033900412,43.313747016793855,42.32512321340381,low,0.9507268520810076,synthetic_demo,True,real_gb,True,0.4630992716681958
270,train,37.197183416960236,42.29479403053773,-5.097610613577494,37.197183416960236,42.29479403053773,low,0.9322465800372214,synthetic_demo,True,real_gb,True,0.5217312144354596
271,train,38.99828844372711,42.31760423581928,-3.319315792092169,38.99828844372711,42.31760423581928,low,0.9350163706126674,synthetic_demo,True,real_gb,True,0.4723298580769309
272,test,37.64661963786495,42.34368526126648,-4.697065623401528,37.64661963786495,42.34368526126648,low,0.9547081784988917,synthetic_demo,True,real_gb,True,0.4290408563378244
273,train,36.14673002789214,42.32316662070352,-6.176436592811378,36.14673002789214,42.32316662070352,low,0.9458224871214475,synthetic_demo,True,real_gb,True,0.515041997768196
274,train,47.64832249571158,42.40942908948508,5.238893406226502,47.64832249571158,42.40942908948508,low,0.9403291103510506,synthetic_demo,True,real_gb,True,0.44442836689348936
275,test,32.74184516822063,42.36112598704044,-9.61928081881981,32.74184516822063,42.36112598704044,low,0.952614042746383,synthetic_demo,True,real_gb,True,0.4968093825875447
276,train,32.1403494320389,42.308696997985535,-10.168347565946632,32.1403494320389,42.308696997985535,low,0.9760772096876589,synthetic_demo,True,real_gb,True,0.441144344054885
277,test,52.881325569026416,42.38466495641385,10.496660612612565,52.881325569026416,42.38466495641385,low,0.9266008412153229,synthetic_demo,True,real_gb,True,0.4650207777282228
278,train,34.46339050352836,42.33712143007227,-7.873730926543914,34.46339050352836,42.33712143007227,low,0.9648118386354101,synthetic_demo,True,real_gb,True,0.4430408084698288
279,test,30.74141531749781,42.31447007098116,-11.573054753483348,30.74141531749781,42.31447007098116,low,0.9392728661590957,synthetic_demo,True,real_gb,True,0.4541529981133983
280,train,51.343810395753366,42.44275289565524,8.901057500098126,51.343810395753366,42.44275289565524,low,0.950007079080688,synthetic_demo,True,real_gb,True,0.4986534953815151
281,train,29.983578064670297,42.31972195670107,-12.336143892030776,29.983578064670297,42.31972195670107,low,0.9662759269593729,synthetic_demo,True,real_gb,True,0.4927173109762395
282,train,46.90758015922984,42.374463054516966,4.533117104712872,46.90758015922984,42.374463054516966,low,0.9184588387931277,synthetic_demo,True,real_gb,True,0.5467954908260255
283,train,40.168141143113154,42.405481936373455,-2.2373407932603016,40.168141143113154,42.405481936373455,low,0.9679288484769284,synthetic_demo,True,real_gb,True,0.4326463072351567
284,train,28.99551640010223,42.30231550249794,-13.306799102395711,28.99551640010223,42.30231550249794,low,0.975722545857909,synthetic_demo,True,real_gb,True,0.46428424521149614
285,train,48.25393595853983,42.380199073401045,5.873736885138783,48.25393595853983,42.380199073401045,low,0.9524379117856314,synthetic_demo,True,real_gb,True,0.49057361429082197
286,test,54.748331492456714,42.52899527646362,12.219336215993096,54.748331492456714,42.52899527646362,low,0.9401645944727657,synthetic_demo,True,real_gb,True,0.4629066068971257
287,test,51.476628175325466,42.636385990722204,8.840242184603262,51.476628175325466,42.636385990722204,low,0.9515658285506862,synthetic_demo,True,real_gb,True,0.4411556673984227
288,train,26.14448174369013,42.48556245301502,-16.341080709324892,26.14448174369013,42.48556245301502,low,0.9531553146277648,synthetic_demo,True,real_gb,True,0.5248862018523184
289,train,42.26892673888562,42.508645651446635,-0.23971891256101685,42.26892673888562,42.508645651446635,low,0.9587154683595507,synthetic_demo,True,real_gb,True,0.4292859595987049
290,test,44.7988752313367,42.52845338933618,2.2704218420005233,44.7988752313367,42.52845338933618,low,0.9695790509619994,synthetic_demo,True,real_gb,True,0.44081274384274843
291,train,31.907199060987995,42.426230057320225,-10.51903099633223,31.907199060987995,42.426230057320225,low,0.9625883356547646,synthetic_demo,True,real_gb,True,0.4903296076085882
292,train,44.5336953360269,42.46695970478062,2.0667356312462815,44.5336953360269,42.46695970478062,low,0.9600219054944681,synthetic_demo,True,real_gb,True,0.4834509264613071
293,train,27.073441332509894,42.314224092931866,-15.240782760421972,27.073441332509894,42.314224092931866,low,0.9597435186529318,synthetic_demo,True,real_gb,True,0.49659737612077803
294,train,37.55144676628548,42.2575903458396,-4.706143579554123,37.55144676628548,42.2575903458396,low,0.9550717450869768,synthetic_demo,True,real_gb,True,0.4787557862239701
295,train,42.533144540960485,42.288964351793,0.24418018916748707,42.533144540960485,42.288964351793,low,0.9677380271563019,synthetic_demo,True,real_gb,True,0.4412195097642554
296,test,31.50664410950811,42.19425940603465,-10.687615296526538,31.50664410950811,42.19425940603465,low,0.9353498688006248,synthetic_demo,True,real_gb,True,0.4959320285871217
297,test,56.37741467314914,42.29186745291834,14.0855472202308,56.37741467314914,42.29186745291834,low,0.9396347035828782,synthetic_demo,True,real_gb,True,0.46221336762283266
298,train,34.009951686329835,42.23261913153569,-8.222667445205857,34.009951686329835,42.23261913153569,low,0.9224445409154459,synthetic_demo,True,real_gb,True,0.5296723941607355
299,train,46.378806125069794,42.268281139859866,4.110524985209928,46.378806125069794,42.268281139859866,low,0.9667488812901179,synthetic_demo,True,real_gb,True,0.4126829147797679
300,test,38.450416277397444,42.247265160580206,-3.7968488831827614,38.450416277397444,42.247265160580206,low,0.9710225160315301,synthetic_demo,True,real_gb,True,0.4830124969020229
301,train,50.49150934395854,42.37420264395494,8.117306700003603,50.49150934395854,42.37420264395494,low,0.9128944851060987,synthetic_demo,True,real_gb,True,0.48230528489155017
302,train,48.9633563361112,42.48753263004854,6.475823706062656,48.9633563361112,42.48753263004854,low,0.9444397618824326,synthetic_demo,True,real_gb,True,0.4528968199017388
303,test,27.686891690047847,42.403257622821926,-14.716365932774078,27.686891690047847,42.403257622821926,low,0.9664674665251066,synthetic_demo,True,real_gb,True,0.4354562369428196
304,train,45.87947940962068,42.47222008680125,3.407259322819428,45.87947940962068,42.47222008680125,low,0.9566779407133231,synthetic_demo,True,real_gb,True,0.4525336034138743
305,train,32.32647602239575,42.3461283110722,-10.019652288676447,32.32647602239575,42.3461283110722,low,0.955453833898663,synthetic_demo,True,real_gb,True,0.4865282209384629
306,train,38.067771875920286,42.297203008009944,-4.229431132089658,38.067771875920286,42.297203008009944,low,0.937589970911793,synthetic_demo,True,real_gb,True,0.5163222838756022
307,train,30.176806012018716,42.19733856496286,-12.020532552944147,30.176806012018716,42.19733856496286,low,0.9723971549166581,synthetic_demo,True,real_gb,True,0.4840022446396175
308,train,29.316197410697487,42.11540163423703,-12.799204223539544,29.316197410697487,42.11540163423703,low,0.9219779246744892,synthetic_demo,True,real_gb,True,0.46444727910731975
309,test,26.92100914312755,42.09937440739931,-15.178365264271761,26.92100914312755,42.09937440739931,low,0.955164597374877,synthetic_demo,True,real_gb,True,0.4427739479234478
310,train,50.14672626894286,42.21143730338873,7.935288965554129,50.14672626894286,42.21143730338873,low,0.9262549794916258,synthetic_demo,True,real_gb,True,0.4915947861967907
311,train,34.500792337497415,42.169626148405925,-7.6688338109085095,34.500792337497415,42.169626148405925,low,0.9353155848378161,synthetic_demo,True,real_gb,True,0.4346480043376553
312,train,52.61156010837132,42.30490670764473,10.306653400726589,52.61156010837132,42.30490670764473,low,0.937578198401647,synthetic_demo,True,real_gb,True,0.4522976310195371
313,test,35.990741913688744,42.30069089556209,-6.309948981873347,35.990741913688744,42.30069089556209,low,0.9774217653789445,synthetic_demo,True,real_gb,True,0.4552081184396643
314,test,37.258924862059345,42.26088314008136,-5.001958278022016,37.258924862059345,42.26088314008136,low,0.9581748560070013,synthetic_demo,True,real_gb,True,0.46127695712533817
315,train,45.21138432952914,42.31209038590474,2.8992939436244,45.21138432952914,42.31209038590474,low,0.9484543045261887,synthetic_demo,True,real_gb,True,0.48976071971191604
316,test,44.95641561831245,42.38326453237751,2.5731510859349385,44.95641561831245,42.38326453237751,low,0.9258817777991519,synthetic_demo,True,real_gb,True,0.43369708879767965
317,test,60.73038956119684,42.55125121839749,18.179138342799348,60.73038956119684,42.55125121839749,low,0.8904841009931127,synthetic_demo,True,real_gb,True,0.5079835191956026
318,train,39.593678285012516,42.554049147881656,-2.9603708628691408,39.593678285012516,42.554049147881656,low,0.9439576198398905,synthetic_demo,True,real_gb,True,0.5107484033946573
319,train,37.07044633233091,42.52711544958012,-5.456669117249213,37.07044633233091,42.52711544958012,low,0.9259463479436164,synthetic_demo,True,real_gb,True,0.4541089305501137
320,test,38.009030898840855,42.48974587109845,-4.480714972257594,38.009030898840855,42.48974587109845,low,0.9556697523831249,synthetic_demo,True,real_gb,True,0.44281775382147726
321,train,41.28314821599546,42.50066255768772,-1.217514341692258,41.28314821599546,42.50066255768772,low,0.90024993853997,synthetic_demo,True,real_gb,True,0.5100738164420243
322,train,47.157906031842224,42.547191567290675,4.610714464551549,47.157906031842224,42.547191567290675,low,0.9714231512169695,synthetic_demo,True,real_gb,True,0.4411284859191439
323,train,35.47904052377799,42.49063866510759,-7.0115981413296,35.47904052377799,42.49063866510759,low,0.9231862341243556,synthetic_demo,True,real_gb,True,0.5062012052676576
324,train,37.0684765536416,42.43769817526377,-5.369221621622167,37.0684765536416,42.43769817526377,low,0.9350129791916251,synthetic_demo,True,real_gb,True,0.49814225502526177
325,test,42.35247516827055,42.494004575521856,-0.14152940725130492,42.35247516827055,42.494004575521856,low,0.9508395812115731,synthetic_demo,True,real_gb,True,0.4276709282238645
326,train,42.51439827812796,42.508337894545214,0.006060383582749296,42.51439827812796,42.508337894545214,low,0.9374591250132894,synthetic_demo,True,real_gb,True,0.45288511642025975
327,train,48.389510655813915,42.61060733507168,5.778903320742238,48.389510655813915,42.61060733507168,low,0.9317784545666823,synthetic_demo,True,real_gb,True,0.4551483689200358
328,train,36.88328861183935,42.5984665395473,-5.7151779277079555,36.88328861183935,42.5984665395473,low,0.9671478758866633,synthetic_demo,True,real_gb,True,0.45841886854528957
329,train,40.09100946364128,42.595220394977446,-2.504210931336168,40.09100946364128,42.595220394977446,low,0.9232797506881567,synthetic_demo,True,real_gb,True,0.5053867007776353
330,train,40.99822824898927,42.581124127240194,-1.5828958782509233,40.99822824898927,42.581124127240194,low,0.9229980827224544,synthetic_demo,True,real_gb,True,0.48244665124573716
331,train,47.326622121411496,42.68161518997597,4.645006931435525,47.326622121411496,42.68161518997597,low,0.9357684041200437,synthetic_demo,True,real_gb,True,0.4987536063760181
332,train,42.95135707531111,42.6564239450185,0.2949331302926055,42.95135707531111,42.6564239450185,low,0.9594861746993766,synthetic_demo,True,real_gb,True,0.4725770634598764
333,test,41.31817716911757,42.6790175348106,-1.3608403656930292,41.31817716911757,42.6790175348106,low,0.948618560535415,synthetic_demo,True,real_gb,True,0.41894355317972964
334,train,42.22284897021621,42.70905104687005,-0.4862020766538393,42.22284897021621,42.70905104687005,low,0.9654519205406542,synthetic_demo,True,real_gb,True,0.4164366393338024
335,train,34.32402685612879,42.62059999233943,-8.29657313621064,34.32402685612879,42.62059999233943,low,0.9171831788253119,synthetic_demo,True,real_gb,True,0.5254397085345603
336,train,29.323836994827968,42.47699044563528,-13.153153450807313,29.323836994827968,42.47699044563528,low,0.9686279592115548,synthetic_demo,True,real_gb,True,0.43931042887728167
337,train,46.409120955771115,42.55102860202659,3.8580923537445244,46.409120955771115,42.55102860202659,low,0.9224425828010143,synthetic_demo,True,real_gb,True,0.47894211129422987
338,train,44.461805373879045,42.61414820655502,1.847657167324023,44.461805373879045,42.61414820655502,low,0.9306099510135952,synthetic_demo,True,real_gb,True,0.5247548597850421
339,train,38.2328710142947,42.57617822882295,-4.343307214528245,38.2328710142947,42.57617822882295,low,0.9654735551551441,synthetic_demo,True,real_gb,True,0.4451669096012536
340,train,63.572090224868106,42.821177190180315,20.75091303468779,63.572090224868106,42.821177190180315,low,0.9113958318870271,synthetic_demo,True,real_gb,True,0.5095959155226842
341,train,38.31931152830282,42.842682578329935,-4.523371050027116,38.31931152830282,42.842682578329935,low,0.9504635156788838,synthetic_demo,True,real_gb,True,0.4417283003148449
342,train,30.585940954839902,42.73401870493739,-12.148077750097489,30.585940954839902,42.73401870493739,low,0.9449674463528569,synthetic_demo,True,real_gb,True,0.4404908967179423
343,train,39.48402187056735,42.725530166133105,-3.241508295565758,39.48402187056735,42.725530166133105,low,0.9459845324609133,synthetic_demo,True,real_gb,True,0.4233413271107907
344,train,49.444356454053406,42.82077987790214,6.623576576151265,49.444356454053406,42.82077987790214,low,0.9578141422029229,synthetic_demo,True,real_gb,True,0.4810776289544072
345,train,21.274443034960598,42.62271992698302,-21.34827689202242,21.274443034960598,42.62271992698302,low,0.9303336407134565,synthetic_demo,True,real_gb,True,0.5129778186024905
346,train,44.68423192798904,42.65281869910018,2.0314132288888587,44.68423192798904,42.65281869910018,low,0.924190735241231,synthetic_demo,True,real_gb,True,0.5258212695514637
347,train,45.663614794387165,42.715812125870364,2.9478026685168004,45.663614794387165,42.715812125870364,low,0.9458567908710115,synthetic_demo,True,real_gb,True,0.4470167097030577
348,train,42.359633626052826,42.727819699665716,-0.3681860736128897,42.359633626052826,42.727819699665716,low,0.9511062019052373,synthetic_demo,True,real_gb,True,0.44200072343809693
349,test,54.346657145072065,42.82105241397729,11.525604731094774,54.346657145072065,42.82105241397729,low,0.9419342569486814,synthetic_demo,True,real_gb,True,0.4400751535478419
350,train,42.608578967177216,42.80737046480675,-0.19879149762953574,42.608578967177216,42.80737046480675,low,0.9532549968118996,synthetic_demo,True,real_gb,True,0.43185818795875963
351,train,28.938550994700012,42.70488410750856,-13.76633311280855,28.938550994700012,42.70488410750856,low,0.98635995093992,synthetic_demo,True,real_gb,True,0.49262554820023985
352,train,49.519162349570536,42.81203747837001,6.707124871200527,49.519162349570536,42.81203747837001,low,0.9378613520017043,synthetic_demo,True,real_gb,True,0.43679454539086615
353,train,38.740316333074006,42.84285813452561,-4.102541801451608,38.740316333074006,42.84285813452561,low,0.9348316164443278,synthetic_demo,True,real_gb,True,0.43874058837767993
354,train,48.01920549633027,42.937453214174454,5.0817522821558185,48.01920549633027,42.937453214174454,low,0.9439267336187229,synthetic_demo,True,real_gb,True,0.4994943052873306
355,train,32.91450525807553,42.865363813552335,-9.950858555476806,32.91450525807553,42.865363813552335,low,0.9525755190730711,synthetic_demo,True,real_gb,True,0.44244600027586556
356,train,31.079393423349877,42.7672852559357,-11.68789183258582,31.079393423349877,42.7672852559357,low,0.9534305924810447,synthetic_demo,True,real_gb,True,0.44732285367830343
357,train,43.644644373989514,42.805684291242024,0.8389600827474908,43.644644373989514,42.805684291242024,low,0.883921447231391,synthetic_demo,True,real_gb,True,0.4939052368389769
358,train,43.14113706270159,42.841082077857465,0.30005498484412385,43.14113706270159,42.841082077857465,low,0.9376745813721034,synthetic_demo,True,real_gb,True,0.4759062533791896
359,train,24.640591428909985,42.675057070134656,-18.03446564122467,24.640591428909985,42.675057070134656,low,0.8942093358868102,synthetic_demo,True,real_gb,True,0.4877884765737719
360,train,40.8296895024228,42.690341969675785,-1.860652467252983,40.8296895024228,42.690341969675785,low,0.9520871962837485,synthetic_demo,True,real_gb,True,0.41945322143961106
361,train,27.358606723144348,42.54715699739188,-15.188550274247532,27.358606723144348,42.54715699739188,low,0.9615166965924014,synthetic_demo,True,real_gb,True,0.4776006918506528
362,train,33.9521223805729,42.5056279813461,-8.5535056007732,33.9521223805729,42.5056279813461,low,0.9319885749069616,synthetic_demo,True,real_gb,True,0.5132811780997136
363,train,50.03658503321879,42.56162445979518,7.474960573423608,50.03658503321879,42.56162445979518,low,0.9407327452882965,synthetic_demo,True,real_gb,True,0.45721671506341033
364,train,48.57163906859705,42.65016321005416,5.921475858542891,48.57163906859705,42.65016321005416,low,0.9541546104093227,synthetic_demo,True,real_gb,True,0.4219772223378099
365,train,40.902720591607974,42.64419253187054,-1.7414719402625636,40.902720591607974,42.64419253187054,low,0.9681178349426316,synthetic_demo,True,real_gb,True,0.4344182917802825
366,test,48.251245520521415,42.665243537379276,5.58600198314214,48.251245520521415,42.665243537379276,low,0.931215910022678,synthetic_demo,True,real_gb,True,0.47150818550947954
367,train,42.67534109741803,42.6855702436735,-0.010229146255475996,42.67534109741803,42.6855702436735,low,0.9386184862139955,synthetic_demo,True,real_gb,True,0.48585097344698075
368,train,40.97709992647279,42.67047418526105,-1.6933742587882605,40.97709992647279,42.67047418526105,low,0.9576630733304985,synthetic_demo,True,real_gb,True,0.46638330174457726
369,train,29.56362040762383,42.58113139423541,-13.017510986611583,29.56362040762383,42.58113139423541,low,0.9426811019679308,synthetic_demo,True,real_gb,True,0.43191780740879127
370,train,53.13149215352539,42.709456527709776,10.422035625815617,53.13149215352539,42.709456527709776,low,0.9391149675905435,synthetic_demo,True,real_gb,True,0.4601330014722292
371,train,39.45181204829537,42.70165495086659,-3.249842902571217,39.45181204829537,42.70165495086659,low,0.9431394009611234,synthetic_demo,True,real_gb,True,0.48564682784590574
372,test,44.60784328166654,42.73452591613339,1.873317365533147,44.60784328166654,42.73452591613339,low,0.9201601066223424,synthetic_demo,True,real_gb,True,0.47134186198840966
373,train,46.120875622869,42.790352435524454,3.3305231873445464,46.120875622869,42.790352435524454,low,0.9452018895247545,synthetic_demo,True,real_gb,True,0.4676341408607711
374,train,42.275979624841895,42.7939397519636,-0.5179601271217038,42.275979624841895,42.7939397519636,low,0.9286209902592658,synthetic_demo,True,real_gb,True,0.4777968390708414
375,train,44.024190968854946,42.83088999658453,1.1933009722704142,44.024190968854946,42.83088999658453,low,0.9398767460149228,synthetic_demo,True,real_gb,True,0.5510751667711478
376,train,46.956254847282736,42.874564820793,4.081690026489738,46.956254847282736,42.874564820793,low,0.9402887455388556,synthetic_demo,True,real_gb,True,0.4246987347635578
377,train,43.07118469537078,42.89116615821661,0.1800185371541687,43.07118469537078,42.89116615821661,low,0.9083055054888226,synthetic_demo,True,real_gb,True,0.46853226704434436
378,train,41.596139424028735,42.91112788155161,-1.3149884575228725,41.596139424028735,42.91112788155161,low,0.9653540831007921,synthetic_demo,True,real_gb,True,0.45494128161428316
379,train,33.928580696801234,42.794619380387026,-8.866038683585792,33.928580696801234,42.794619380387026,low,0.9710458954623127,synthetic_demo,True,real_gb,True,0.4501525100216922
380,train,42.17289007028035,42.80006077585049,-0.627170705570137,42.17289007028035,42.80006077585049,low,0.9610819457908387,synthetic_demo,True,real_gb,True,0.4415739652860477
381,train,43.326752640364035,42.857372158876835,0.4693804814871996,43.326752640364035,42.857372158876835,low,0.9382270300662946,synthetic_demo,True,real_gb,True,0.4739295437594035
382,train,35.11527267803026,42.75762009452646,-7.6423474164962,35.11527267803026,42.75762009452646,low,0.9192950828634233,synthetic_demo,True,real_gb,True,0.50362308363584
383,train,35.932314329711495,42.7392130864166,-6.8068987567051025,35.932314329711495,42.7392130864166,low,0.9432813112790593,synthetic_demo,True,real_gb,True,0.47026084089480824
384,train,39.774353580895934,42.73769229502249,-2.9633387141265572,39.774353580895934,42.73769229502249,low,0.929121214079173,synthetic_demo,True,real_gb,True,0.4842987144063765
385,train,40.410647767823995,42.766448953869535,-2.3558011860455395,40.410647767823995,42.766448953869535,low,0.9487889387428008,synthetic_demo,True,real_gb,True,0.4582674093023258
386,train,40.38115716220284,42.762815171063096,-2.3816580088602564,40.38115716220284,42.762815171063096,low,0.938388106247804,synthetic_demo,True,real_gb,True,0.5011897561556287
387,train,44.190594046727696,42.71414613581882,1.476447910908874,44.190594046727696,42.71414613581882,low,0.9513303344583852,synthetic_demo,True,real_gb,True,0.44748576268106655
388,train,40.93289930278427,42.73889103518123,-1.8059917323969614,40.93289930278427,42.73889103518123,low,0.9347178700364728,synthetic_demo,True,real_gb,True,0.5045972149523148
389,train,33.84968465648535,42.62573484875447,-8.776050192269118,33.84968465648535,42.62573484875447,low,0.9616002119122216,synthetic_demo,True,real_gb,True,0.4714599922368723
390,train,37.491558790101614,42.5827651283477,-5.091206338246089,37.491558790101614,42.5827651283477,low,0.9286194209256213,synthetic_demo,True,real_gb,True,0.4645763888273665
391,train,35.23154831458577,42.54763240867748,-7.316084094091707,35.23154831458577,42.54763240867748,low,0.9353124027102974,synthetic_demo,True,real_gb,True,0.47625271948243275
392,train,41.160537323907135,42.56149229340914,-1.4009549695020027,41.160537323907135,42.56149229340914,low,0.9371564712244342,synthetic_demo,True,real_gb,True,0.4521416068380733
393,train,49.67928895412607,42.66139489884243,7.017894055283641,49.67928895412607,42.66139489884243,low,0.9452170803082522,synthetic_demo,True,real_gb,True,0.4727193810012931
394,train,26.242192371811036,42.54936820095468,-16.307175829143645,26.242192371811036,42.54936820095468,low,0.9477870067271705,synthetic_demo,True,real_gb,True,0.46457226968060134
395,train,46.688598758089164,42.634207545443104,4.05439121264606,46.688598758089164,42.634207545443104,low,0.9068561656826366,synthetic_demo,True,real_gb,True,0.5017712881930038
396,test,43.82505997719723,42.62354738561349,1.201512591583736,43.82505997719723,42.62354738561349,low,0.9353847043306416,synthetic_demo,True,real_gb,True,0.4796713390687013
397,train,42.72017382289586,42.63090590420822,0.08926791868763928,42.72017382289586,42.63090590420822,low,0.9538611444783072,synthetic_demo,True,real_gb,True,0.4203788854498236
398,test,48.80266911285691,42.69729058380803,6.105378529048885,48.80266911285691,42.69729058380803,low,0.9308188292065577,synthetic_demo,True,real_gb,True,0.4546660294392791
399,train,39.4438508514956,42.630116319466,-3.1862654679704008,39.4438508514956,42.630116319466,low,0.947367122944581,synthetic_demo,True,real_gb,True,0.45956558867288455
400,train,45.80104499946304,42.66890444888035,3.1321405505826903,45.80104499946304,42.66890444888035,low,0.9582468802564045,synthetic_demo,True,real_gb,True,0.4289683844991183
401,train,48.69942091766638,42.727007657274065,5.972413260392315,48.69942091766638,42.727007657274065,low,0.9703528249704856,synthetic_demo,True,real_gb,True,0.46668548928358206
402,train,43.9332146837155,42.805405913321444,1.1278087703940542,43.9332146837155,42.805405913321444,low,0.9362926328649841,synthetic_demo,True,real_gb,True,0.45591050812631995
403,train,43.97633465380702,42.83532882001029,1.1410058337967328,43.97633465380702,42.83532882001029,low,0.8968782160085498,synthetic_demo,True,real_gb,True,0.5152982855297169
404,train,41.5655138413254,42.846878544612856,-1.2813647032874584,41.5655138413254,42.846878544612856,low,0.9429326026679172,synthetic_demo,True,real_gb,True,0.4370735264726433
405,train,42.41764122182435,42.837744695651196,-0.420103473826849,42.41764122182435,42.837744695651196,low,0.9377615111042398,synthetic_demo,True,real_gb,True,0.49203843096558714
406,train,36.68927855787872,42.74367812598075,-6.054399568102028,36.68927855787872,42.74367812598075,low,0.9433548474489623,synthetic_demo,True,real_gb,True,0.4451029359465338
407,train,44.0677478741281,42.749963514118186,1.3177843600099166,44.0677478741281,42.749963514118186,low,0.925710209807168,synthetic_demo,True,real_gb,True,0.4589337634630645
408,train,43.566358305578525,42.78811422499421,0.7782440805843152,43.566358305578525,42.78811422499421,low,0.9458029426806758,synthetic_demo,True,real_gb,True,0.4398319000968739
409,train,44.815752843351255,42.8456616764675,1.9700911668837549,44.815752843351255,42.8456616764675,low,0.9398875964334383,synthetic_demo,True,real_gb,True,0.47029211393196046
410,train,32.06867453550456,42.71205093574203,-10.643376400237464,32.06867453550456,42.71205093574203,low,0.9222776993327922,synthetic_demo,True,real_gb,True,0.46925125389687944
411,train,39.399151059584945,42.68837501593621,-3.2892239563512646,39.399151059584945,42.68837501593621,low,0.9705642058849647,synthetic_demo,True,real_gb,True,0.4937895680807288
412,test,51.3056859413815,42.79447320422656,8.511212737154935,51.3056859413815,42.79447320422656,low,0.9208443064231964,synthetic_demo,True,real_gb,True,0.4963956668564942
413,train,45.17289760618346,42.85270586400114,2.320191742182324,45.17289760618346,42.85270586400114,low,0.9232835669808752,synthetic_demo,True,real_gb,True,0.45805709766873465
414,train,30.660426307897797,42.722610041837264,-12.062183733939467,30.660426307897797,42.722610041837264,low,0.9536094184354496,synthetic_demo,True,real_gb,True,0.46248960192106514
415,train,29.904659202454386,42.62216415060471,-12.717504948150324,29.904659202454386,42.62216415060471,low,0.9379477024949353,synthetic_demo,True,real_gb,True,0.5153945552695205
416,train,36.25605969366815,42.57368621909514,-6.317626525426988,36.25605969366815,42.57368621909514,low,0.9531972890254886,synthetic_demo,True,real_gb,True,0.5024404084297677
417,train,55.86038651366431,42.728958176118546,13.131428337545763,55.86038651366431,42.728958176118546,low,0.9428006887653381,synthetic_demo,True,real_gb,True,0.4932229741354269
418,train,44.27866995228412,42.72979162000188,1.5488783322822357,44.27866995228412,42.72979162000188,low,0.9783553499888604,synthetic_demo,True,real_gb,True,0.4554709237565037
419,train,33.55338785966523,42.66374869231467,-9.110360832649441,33.55338785966523,42.66374869231467,low,0.9760978484396023,synthetic_demo,True,real_gb,True,0.4773832569176779
420,test,20.61303185926381,42.487236889440126,-21.874205030176316,20.61303185926381,42.487236889440126,low,0.9432462723450329,synthetic_demo,True,real_gb,True,0.48221559492327315
421,train,50.988812045427146,42.60049713622556,8.388314909201583,50.988812045427146,42.60049713622556,low,0.9276751118946824,synthetic_demo,True,real_gb,True,0.5209784663317386
422,train,56.11945132011663,42.75379735686178,13.36565396325485,56.11945132011663,42.75379735686178,low,0.9321045100734417,synthetic_demo,True,real_gb,True,0.43806504436842064
423,train,37.9851143073896,42.74609172136149,-4.760977413971887,37.9851143073896,42.74609172136149,low,0.9449480154887963,synthetic_demo,True,real_gb,True,0.4947709774012664
424,train,38.72322208430742,42.72387445455231,-4.000652370244886,38.72322208430742,42.72387445455231,low,0.9528113271919578,synthetic_demo,True,real_gb,True,0.4101243123077036
425,train,44.55499276846944,42.7283953834665,1.826597385002941,44.55499276846944,42.7283953834665,low,0.9353045675902111,synthetic_demo,True,real_gb,True,0.5399309268560909
426,train,46.22934508497137,42.766810289711536,3.4625347952598347,46.22934508497137,42.766810289711536,low,0.9557330581316018,synthetic_demo,True,real_gb,True,0.5578915487158479
427,train,49.75259553225825,42.84484569979449,6.907749832463757,49.75259553225825,42.84484569979449,low,0.9439575827690866,synthetic_demo,True,real_gb,True,0.44221567955448915
428,train,41.57340361018279,42.850882877676234,-1.2774792674934474,41.57340361018279,42.850882877676234,low,0.9045103155894706,synthetic_demo,True,real_gb,True,0.48150060315838283
429,train,44.44827737327956,42.92574955704507,1.5225278162344864,44.44827737327956,42.92574955704507,low,0.9656401134185927,synthetic_demo,True,real_gb,True,0.4537176443028436
430,test,44.817305281202,42.92766851789209,1.889636763309916,44.817305281202,42.92766851789209,low,0.9575059275758715,synthetic_demo,True,real_gb,True,0.45607578367666446
431,test,44.063779706469965,43.018057193473744,1.045722512996221,44.063779706469965,43.018057193473744,low,0.9279942166198865,synthetic_demo,True,real_gb,True,0.4692645493500609
432,test,33.599016216096096,42.95478738605329,-9.355771169957194,33.599016216096096,42.95478738605329,low,0.9618185250551659,synthetic_demo,True,real_gb,True,0.49323159830388563
433,train,51.359576320978526,43.06199925656999,8.297577064408536,51.359576320978526,43.06199925656999,low,0.922819011750308,synthetic_demo,True,real_gb,True,0.49050917222812673
434,train,45.43607044825229,43.09219513065902,2.343875317593266,45.43607044825229,43.09219513065902,low,0.9704780977699744,synthetic_demo,True,real_gb,True,0.45014972963200506
435,train,35.78738717828192,43.00901148969042,-7.221624311408505,35.78738717828192,43.00901148969042,low,0.9426175421726285,synthetic_demo,True,real_gb,True,0.4524974142408263
436,train,44.07479531567392,43.008898076041895,1.0658972396320223,44.07479531567392,43.008898076041895,low,0.9494766546817487,synthetic_demo,True,real_gb,True,0.44550226819134686
437,test,43.91195506745127,43.043271931945185,0.8686831355060818,43.91195506745127,43.043271931945185,low,0.9379514490265771,synthetic_demo,True,real_gb,True,0.4676240029957506
438,train,46.33823600787706,43.06805962667268,3.2701763812043794,46.33823600787706,43.06805962667268,low,0.9438188785664801,synthetic_demo,True,real_gb,True,0.48005566794276067
439,train,61.81364812196759,43.29471177266405,18.518936349303537,61.81364812196759,43.29471177266405,low,0.9323006315320769,synthetic_demo,True,real_gb,True,0.4726974039715453
440,test,48.27893351053253,43.319465419781885,4.959468090750647,48.27893351053253,43.319465419781885,low,0.9342473674196342,synthetic_demo,True,real_gb,True,0.44704431852479615
441,train,48.67669098898112,43.3908895455677,5.285801443413419,48.67669098898112,43.3908895455677,low,0.9376325285085115,synthetic_demo,True,real_gb,True,0.4614579566477475
442,train,41.903862664604894,43.41557338302563,-1.511710718420737,41.903862664604894,43.41557338302563,low,0.9637154806493291,synthetic_demo,True,real_gb,True,0.4569495053634
443,train,45.519721412262584,43.470501337324905,2.049220074937679,45.519721412262584,43.470501337324905,low,0.9290806105953732,synthetic_demo,True,real_gb,True,0.5071312385630823
444,train,31.419521818756742,43.35881922636599,-11.939297407609246,31.419521818756742,43.35881922636599,low,0.9465893871237921,synthetic_demo,True,real_gb,True,0.4621852844487458
445,train,38.36507208310003,43.32857852192739,-4.963506438827359,38.36507208310003,43.32857852192739,low,0.9190852664756485,synthetic_demo,True,real_gb,True,0.4856844831797563
446,train,42.86433844084186,43.334498814828464,-0.4701603739866016,42.86433844084186,43.334498814828464,low,0.9517044709043605,synthetic_demo,True,real_gb,True,0.4663354129414887
447,train,42.115885039174515,43.29786847157639,-1.1819834324018785,42.115885039174515,43.29786847157639,low,0.8994361653454619,synthetic_demo,True,real_gb,True,0.5240540124540537
448,train,54.14847844246825,43.40312165218318,10.745356790285072,54.14847844246825,43.40312165218318,low,0.9524331336569999,synthetic_demo,True,real_gb,True,0.41822605459871715
449,test,34.44686387016298,43.308712537114346,-8.861848666951367,34.44686387016298,43.308712537114346,low,0.914861396420892,synthetic_demo,True,real_gb,True,0.5152341121492484
450,train,36.098473493675556,43.29766140736625,-7.199187913690693,36.098473493675556,43.29766140736625,low,0.9512731289599482,synthetic_demo,True,real_gb,True,0.4414940004424975
451,test,40.702908966386744,43.238608505285626,-2.535699538898882,40.702908966386744,43.238608505285626,low,0.941795319250447,synthetic_demo,True,real_gb,True,0.48440973853511915
452,train,38.42158433433476,43.20182491838683,-4.780240584052073,38.42158433433476,43.20182491838683,low,0.9384545510421674,synthetic_demo,True,real_gb,True,0.4975095742826481
453,train,29.27220059635597,43.05418770256414,-13.781987106208174,29.27220059635597,43.05418770256414,low,0.9340137209868261,synthetic_demo,True,real_gb,True,0.5498521411687841
454,train,50.960306612380116,43.14320844822217,7.817098164157947,50.960306612380116,43.14320844822217,low,0.9334311877708978,synthetic_demo,True,real_gb,True,0.4855696329053046
455,train,47.11661943695152,43.17990047418324,3.936718962768275,47.11661943695152,43.17990047418324,low,0.9183397186700951,synthetic_demo,True,real_gb,True,0.5085701094983639
456,test,27.38778128972031,43.157898393438785,-15.770117103718476,27.38778128972031,43.157898393438785,low,0.9518977909393119,synthetic_demo,True,real_gb,True,0.4742903281711425
457,train,40.27786731084997,43.14523453440901,-2.867367223559043,40.27786731084997,43.14523453440901,low,0.9385676542752923,synthetic_demo,True,real_gb,True,0.5117680422037777
458,test,41.17651858231912,43.19107761277728,-2.014559030458159,41.17651858231912,43.19107761277728,low,0.9597435060131609,synthetic_demo,True,real_gb,True,0.44971586885615333
459,train,36.591917357956014,43.10378520861011,-6.511867850654099,36.591917357956014,43.10378520861011,low,0.9126797997071283,synthetic_demo,True,real_gb,True,0.4618105204994676
460,train,39.84382989133689,43.09514245406985,-3.251312562732963,39.84382989133689,43.09514245406985,low,0.9718980465839631,synthetic_demo,True,real_gb,True,0.4381934422745856
461,test,42.48556969036261,43.09743525992637,-0.6118655695637614,42.48556969036261,43.09743525992637,low,0.9161080277519917,synthetic_demo,True,real_gb,True,0.46083942257535765
462,train,45.17695591353706,43.125033779090444,2.051922134446613,45.17695591353706,43.125033779090444,low,0.9415776333256228,synthetic_demo,True,real_gb,True,0.44902640559233326
463,train,37.600060756341165,43.09526291056631,-5.495202154225147,37.600060756341165,43.09526291056631,low,0.9815015478734795,synthetic_demo,True,real_gb,True,0.4699505058653272
464,train,40.34639154283398,43.05717910071636,-2.7107875578823837,40.34639154283398,43.05717910071636,low,0.9601812499836307,synthetic_demo,True,real_gb,True,0.4678938720676948
465,train,41.13594105240339,43.07147172053114,-1.935530668127754,41.13594105240339,43.07147172053114,low,0.9326113126198327,synthetic_demo,True,real_gb,True,0.4623597906743837
466,train,37.84526358545639,43.06643922793477,-5.221175642478386,37.84526358545639,43.06643922793477,low,0.9556264900131517,synthetic_demo,True,real_gb,True,0.448944677580261
467,test,53.614167637340216,43.128608543826054,10.485559093514162,53.614167637340216,43.128608543826054,low,0.9237511346593883,synthetic_demo,True,real_gb,True,0.5208875424774175
468,train,39.86102100243981,43.07220012228645,-3.2111791198466406,39.86102100243981,43.07220012228645,low,0.9352559384018423,synthetic_demo,True,real_gb,True,0.5242214270700061
469,train,46.72315432833778,43.138137136425726,3.5850171919120513,46.72315432833778,43.138137136425726,low,0.9167880243240571,synthetic_demo,True,real_gb,True,0.4919870751446628
470,train,36.73829991548709,43.11999521670292,-6.381695301215828,36.73829991548709,43.11999521670292,low,0.9646435421856142,synthetic_demo,True,real_gb,True,0.43437806225999426
471,train,25.05915628402243,42.96352788863448,-17.904371604612052,25.05915628402243,42.96352788863448,low,0.9579955306738935,synthetic_demo,True,real_gb,True,0.45399773734383153
472,train,47.31196479674174,42.99342334524104,4.3185414515007,47.31196479674174,42.99342334524104,low,0.9426638288694796,synthetic_demo,True,real_gb,True,0.4806754028370356
473,train,41.51102232740287,43.01587380153885,-1.5048514741359824,41.51102232740287,43.01587380153885,low,0.9548812098891394,synthetic_demo,True,real_gb,True,0.46704492748442433
474,test,43.11138819539496,42.996776539541536,0.11461165585342314,43.11138819539496,42.996776539541536,low,0.9679020797657456,synthetic_demo,True,real_gb,True,0.4536409476747559
475,train,47.030198572803194,43.01202660691994,4.018171965883255,47.030198572803194,43.01202660691994,low,0.9473922337767429,synthetic_demo,True,real_gb,True,0.43438349625630257
476,train,41.0396994229767,42.97540653338314,-1.9357071104064403,41.0396994229767,42.97540653338314,low,0.9544666359088675,synthetic_demo,True,real_gb,True,0.4840237173126578
477,train,27.491360588096164,42.81799491690873,-15.326634328812567,27.491360588096164,42.81799491690873,low,0.9356123700771244,synthetic_demo,True,real_gb,True,0.46823689702518434
478,train,32.326806068481076,42.721984292690465,-10.395178224209388,32.326806068481076,42.721984292690465,low,0.9512369131657817,synthetic_demo,True,real_gb,True,0.44975647879485525
479,train,44.13738946587682,42.74413417823659,1.3932552876402298,44.13738946587682,42.74413417823659,low,0.9479428600090469,synthetic_demo,True,real_gb,True,0.5759224112896174
480,test,38.96972606742706,42.78497617025706,-3.8152501028299994,38.96972606742706,42.78497617025706,low,0.946350207079289,synthetic_demo,True,real_gb,True,0.45897460463444656
481,train,43.99582459088879,42.84433892351783,1.151485667370956,43.99582459088879,42.84433892351783,low,0.937034088567585,synthetic_demo,True,real_gb,True,0.5067381508046167
482,test,41.98658375756936,42.83228814897467,-0.845704391405306,41.98658375756936,42.83228814897467,low,0.9427268332530486,synthetic_demo,True,real_gb,True,0.4529347615992817
483,train,38.112367899935855,42.79397538322346,-4.681607483287607,38.112367899935855,42.79397538322346,low,0.9598176565944054,synthetic_demo,True,real_gb,True,0.4954424665273568
484,train,34.873492241984835,42.756779183867486,-7.883286941882652,34.873492241984835,42.756779183867486,low,0.9584482185123733,synthetic_demo,True,real_gb,True,0.4422941994739117
485,train,43.392918936374826,42.791704597639885,0.6012143387349411,43.392918936374826,42.791704597639885,low,0.9591275672566756,synthetic_demo,True,real_gb,True,0.427651833765912
486,train,31.40470797465768,42.67557383230837,-11.270865857650694,31.40470797465768,42.67557383230837,low,0.914610197422688,synthetic_demo,True,real_gb,True,0.5044000184513601
487,train,43.658210822402005,42.67485752563199,0.9833532967700123,43.658210822402005,42.67485752563199,low,0.9481224801689797,synthetic_demo,True,real_gb,True,0.4721387728092852
488,train,42.44844584321591,42.68766875615931,-0.23922291294340425,42.44844584321591,42.68766875615931,low,0.9663071257577523,synthetic_demo,True,real_gb,True,0.4425541140240181
489,train,51.26943648829487,42.78810989933923,8.481326588955639,51.26943648829487,42.78810989933923,low,0.9482388582980801,synthetic_demo,True,real_gb,True,0.4521059197251558
490,train,50.51374572743763,42.88811598392704,7.6256297435105935,50.51374572743763,42.88811598392704,low,0.9736311981385501,synthetic_demo,True,real_gb,True,0.4489072025750383
491,test,41.22638153819681,42.818633538780844,-1.5922520005840326,41.22638153819681,42.818633538780844,low,0.9284687822982439,synthetic_demo,True,real_gb,True,0.482523051254359
492,train,33.16329533836686,42.7455041684867,-9.58220883011984,33.16329533836686,42.7455041684867,low,0.9685848094888351,synthetic_demo,True,real_gb,True,0.4548799356837166
493,train,51.945380606226166,42.8680467814912,9.077333824734964,51.945380606226166,42.8680467814912,low,0.9435556240558969,synthetic_demo,True,real_gb,True,0.500106063261897
494,train,36.90981101350325,42.81398344811876,-5.904172434615511,36.90981101350325,42.81398344811876,low,0.9685737497141317,synthetic_demo,True,real_gb,True,0.42964799311798485
495,train,33.92274730595986,42.721997677609956,-8.799250371650096,33.92274730595986,42.721997677609956,low,0.9573299589234794,synthetic_demo,True,real_gb,True,0.4517689445613621
496,train,40.88045745261639,42.71923617766753,-1.8387787250511423,40.88045745261639,42.71923617766753,low,0.931735577149169,synthetic_demo,True,real_gb,True,0.4756786572514134
497,test,43.53493089439404,42.73251972474119,0.8024111696528493,43.53493089439404,42.73251972474119,low,0.9539700704549025,synthetic_demo,True,real_gb,True,0.4459299321173713
498,train,42.4481464971476,42.73987729421331,-0.2917307970657106,42.4481464971476,42.73987729421331,low,0.9416794990032628,synthetic_demo,True,real_gb,True,0.4724716406069382
499,train,36.97319299670871,42.69991316180013,-5.726720165091422,36.97319299670871,42.69991316180013,low,0.9380506488011053,synthetic_demo,True,real_gb,True,0.48558865961079684
