row_index,split,actual_cognitive_load,predicted_cognitive_load,load_level,confidence,data_source,is_synthetic_demo
0,train,38.400612378786704,46.134229037986884,low,0.9450452659163063,synthetic_demo,True
1,test,45.50964981326233,47.42227314566762,low,0.9420274800985694,synthetic_demo,True
2,train,33.34140320870831,44.76539077735279,low,0.9403378690737368,synthetic_demo,True
3,train,41.654302996187276,46.47718580840528,low,0.9268061650988333,synthetic_demo,True
4,train,46.95693533641848,47.36137002569834,low,0.9424603870902921,synthetic_demo,True
5,test,27.93840300108804,45.905279162912194,low,0.9462669375349375,synthetic_demo,True
6,train,25.604575207902137,43.28777871576028,low,0.9288231431385622,synthetic_demo,True
7,train,50.695113869174016,47.46017026763161,low,0.9471950294210237,synthetic_demo,True
8,train,46.7221111313039,45.951745796117414,low,0.940439189664659,synthetic_demo,True
9,train,36.19902601609259,44.81316562381879,low,0.9377530937093402,synthetic_demo,True
10,test,37.29690417390423,46.296097056463516,low,0.9701220738029048,synthetic_demo,True
11,train,40.405812752841655,46.337858016375634,low,0.9183761846622492,synthetic_demo,True
12,train,37.758706045603354,46.59099469186943,low,0.9300072074029839,synthetic_demo,True
13,train,53.71190795977725,48.38175215762293,low,0.9510685946771817,synthetic_demo,True
14,train,40.51532490141362,45.9536691407059,low,0.972569712779009,synthetic_demo,True
15,test,37.25571504699314,44.76690056130866,low,0.9800086728916431,synthetic_demo,True
16,train,40.276160129722136,46.08703199009613,low,0.9214499954714084,synthetic_demo,True
17,train,37.86138425355675,45.74035602453659,low,0.9125745607053003,synthetic_demo,True
18,train,46.79345968520785,45.36569011403708,low,0.9201589010235002,synthetic_demo,True
19,train,40.50685951008559,44.96182264025511,low,0.9400774839539162,synthetic_demo,True
20,train,42.77745308033703,44.87538197213933,low,0.9234268065654765,synthetic_demo,True
21,train,40.715286135783536,47.104989861119364,low,0.9541195707590892,synthetic_demo,True
22,train,33.589749543634944,43.44557015442079,low,0.948521601846615,synthetic_demo,True
23,train,43.76752927519959,46.82999469441755,low,0.9287912386751964,synthetic_demo,True
24,train,44.997499230221436,45.79702587900021,low,0.9367429187033438,synthetic_demo,True
25,train,48.67165777963911,46.77970064748196,low,0.9426684098974628,synthetic_demo,True
26,train,39.64844340710587,45.287567637123146,low,0.9408180631777143,synthetic_demo,True
27,train,31.658332391792666,44.588770261554124,low,0.9474530362442901,synthetic_demo,True
28,train,34.07961176312089,43.75143302268653,low,0.9662533984879867,synthetic_demo,True
29,train,42.57537896960546,46.386350338363414,low,0.9382625316066437,synthetic_demo,True
30,train,43.24620454458439,45.72456749651738,low,0.960970611488014,synthetic_demo,True
31,train,34.446248388736024,47.005433553954354,low,0.9718300490032594,synthetic_demo,True
32,test,39.938997128409554,46.12090897454782,low,0.9410796445488635,synthetic_demo,True
33,train,44.351761643001076,46.01519781937392,low,0.946344832247735,synthetic_demo,True
34,test,35.12996213615804,44.26490459815094,low,0.9336957542555744,synthetic_demo,True
35,train,27.152536229941347,44.73879879569268,low,0.9417141158042333,synthetic_demo,True
36,train,52.92220597165907,48.1230503541177,low,0.9541439603597376,synthetic_demo,True
37,train,32.54406891319496,44.863808939163455,low,0.9600415525082776,synthetic_demo,True
38,train,44.18547979790041,47.443644447382404,low,0.9400825914231551,synthetic_demo,True
39,test,33.014925914460605,44.93574600073601,low,0.9645347025958457,synthetic_demo,True
40,train,47.604652985845206,47.035904036169825,low,0.9293653098976817,synthetic_demo,True
41,test,36.01323992267762,44.70896692004251,low,0.9289773699601125,synthetic_demo,True
42,test,47.75981814820734,45.587796569174564,low,0.9601819346940026,synthetic_demo,True
43,train,49.63372016594986,46.923846001325984,low,0.9289588975029073,synthetic_demo,True
44,train,40.653525540646584,46.51947884490618,low,0.9445971060965319,synthetic_demo,True
45,train,34.3102528518257,46.136527866791525,low,0.9424502604070798,synthetic_demo,True
46,train,46.646329243075506,45.79550010969344,low,0.9794333393126543,synthetic_demo,True
47,train,29.365959133409326,45.223566933570936,low,0.96165022551707,synthetic_demo,True
48,train,51.1244652563833,49.291209620232536,low,0.9435270425019737,synthetic_demo,True
49,test,42.47023883982651,46.54905475100719,low,0.9456343603313954,synthetic_demo,True
50,train,44.80375481806732,48.14436442512938,low,0.9323145081345028,synthetic_demo,True
51,train,50.115013581014125,48.44918633864695,low,0.9044437953521086,synthetic_demo,True
52,test,34.55334767334263,44.29565608754154,low,0.9215473783681277,synthetic_demo,True
53,train,35.65601022810058,45.84798375908273,low,0.9607645139952052,synthetic_demo,True
54,train,39.334735380987674,46.04605627035124,low,0.9467264162148067,synthetic_demo,True
55,train,42.75878846263513,44.203031891279096,low,0.9218364945839247,synthetic_demo,True
56,train,49.34324311964992,46.9997925425615,low,0.917916671099831,synthetic_demo,True
57,test,43.90250260374063,48.279597988017045,low,0.936487036096717,synthetic_demo,True
58,train,47.021392946360926,48.19235580291584,low,0.9368741601476424,synthetic_demo,True
59,train,41.73529345237742,46.75189130239983,low,0.9501852750812878,synthetic_demo,True
60,train,30.06291845821336,44.261823660080836,low,0.9462625808767742,synthetic_demo,True
61,train,47.787424390745414,46.708405357990465,low,0.9280534234943596,synthetic_demo,True
62,train,40.55596408863267,45.14500139442724,low,0.9511554378194205,synthetic_demo,True
63,test,46.27067120986538,44.40283948121297,low,0.9094641057572513,synthetic_demo,True
64,train,43.54688794542451,47.13561233182071,low,0.9423187258460364,synthetic_demo,True
65,test,31.735588364788324,46.159319671509266,low,0.9700136537449842,synthetic_demo,True
66,train,49.48614739129216,46.723979410490045,low,0.9164046179544394,synthetic_demo,True
67,train,51.284747898450874,47.5203630146657,low,0.9365472802705352,synthetic_demo,True
68,train,53.937149440802976,48.02038314086228,low,0.9333235726611382,synthetic_demo,True
69,test,33.468203364714554,45.605357604692855,low,0.9450661616728315,synthetic_demo,True
70,train,40.38299572779524,46.4168860808291,low,0.9568672007979885,synthetic_demo,True
71,train,44.90595742388372,46.848494909395534,low,0.8909411627519233,synthetic_demo,True
72,train,32.30380166547421,45.00050967652183,low,0.9267397353801401,synthetic_demo,True
73,train,42.8185285706837,46.21201140812933,low,0.9364406872380642,synthetic_demo,True
74,train,45.68791548670368,46.87558999100092,low,0.9583969535416144,synthetic_demo,True
75,train,48.14243062163604,45.558188256678534,low,0.9530613163643162,synthetic_demo,True
76,test,25.947585284036844,43.70780612402879,low,0.9347907239783576,synthetic_demo,True
77,train,51.866040952465134,46.585725989982656,low,0.9253051090156517,synthetic_demo,True
78,train,44.07317758280372,46.32745178543603,low,0.9179824359265814,synthetic_demo,True
79,train,36.5645043951943,44.78393879705887,low,0.9349279455742567,synthetic_demo,True
80,train,40.3686194999934,45.37341922324663,low,0.950457157620781,synthetic_demo,True
81,test,51.3659051750765,47.76331833295324,low,0.9024220132409208,synthetic_demo,True
82,train,49.73213198247079,47.532218555582595,low,0.9582767074273533,synthetic_demo,True
83,train,38.53805514918466,46.01838484172956,low,0.9617295699076968,synthetic_demo,True
84,train,38.59169334202386,44.03349235601182,low,0.9422126647856774,synthetic_demo,True
85,train,37.93152370654033,47.07773315548429,low,0.9402831502696284,synthetic_demo,True
86,train,40.11925291170636,46.196419945869586,low,0.9194155896375749,synthetic_demo,True
87,test,30.714898759707737,45.01671667952895,low,0.9413790536608058,synthetic_demo,True
88,train,33.08692993890632,44.43468177688329,low,0.9524868725053864,synthetic_demo,True
89,train,32.73649460978072,44.96970112220362,low,0.930625616056591,synthetic_demo,True
90,train,49.18508755245479,47.22369935624149,low,0.9467817245804714,synthetic_demo,True
91,train,42.92733864784527,47.09144696441567,low,0.9566556456281272,synthetic_demo,True
92,train,44.629765109574215,46.35791829903183,low,0.9486357182002284,synthetic_demo,True
93,test,38.253848862267695,45.86884435788872,low,0.9737782866178003,synthetic_demo,True
94,train,44.21752871430087,44.881664561865314,low,0.9025055371183454,synthetic_demo,True
95,train,42.05293263378563,46.06690415055507,low,0.9594870277209729,synthetic_demo,True
96,train,44.2082325111135,46.540952394409175,low,0.93945352166402,synthetic_demo,True
97,train,38.0668308461308,45.61003145637279,low,0.9682467599755525,synthetic_demo,True
98,train,35.4303418471727,44.93018762072699,low,0.9577947470975229,synthetic_demo,True
99,train,50.2135765674059,47.032589306830445,low,0.9317450151923116,synthetic_demo,True
100,train,31.78085540288924,46.31891886011436,low,0.9609821273215735,synthetic_demo,True
101,train,47.903295987692864,47.51438745992679,low,0.9290149501826522,synthetic_demo,True
102,test,37.29399965521878,44.43081222860991,low,0.9582599854745326,synthetic_demo,True
103,train,27.153473117085085,45.16091692162277,low,0.9765719707986305,synthetic_demo,True
104,train,32.63890289025608,44.72990298726053,low,0.9603980084148239,synthetic_demo,True
105,test,47.06835132817427,46.726934609976276,low,0.9442189315362146,synthetic_demo,True
106,test,35.4965240242884,45.72801121996849,low,0.9445436235603317,synthetic_demo,True
107,train,42.284654917336425,47.038552068874466,low,0.92216644256226,synthetic_demo,True
108,train,30.58965344262512,45.42559172847914,low,0.9383093486504502,synthetic_demo,True
109,train,38.033720688719264,44.994474972775635,low,0.9214322472869028,synthetic_demo,True
110,train,45.3843987971629,47.39230377021569,low,0.951027489255553,synthetic_demo,True
111,test,51.4336096520755,47.67900619652019,low,0.921650852676462,synthetic_demo,True
112,train,38.500591725927954,46.358664588925315,low,0.9415794827726729,synthetic_demo,True
113,test,34.508878921545616,44.25234061960952,low,0.9673254688054211,synthetic_demo,True
114,test,31.284104399211888,45.37624921639862,low,0.9620663879059448,synthetic_demo,True
115,train,22.884298477326027,43.937632484225226,low,0.9608724280777801,synthetic_demo,True
116,train,39.00468191380136,42.94090549468281,low,0.9187457216274995,synthetic_demo,True
117,test,34.939619492186466,45.57003176679619,low,0.9815298897693119,synthetic_demo,True
118,train,34.23631593825237,44.512394522956924,low,0.9172398914878952,synthetic_demo,True
119,train,30.545822233475178,44.09618751276813,low,0.9704350668896383,synthetic_demo,True
120,train,46.82708554517819,46.86123272399959,low,0.9202476927528728,synthetic_demo,True
121,train,33.083162987651946,45.186429031510414,low,0.9428207299937056,synthetic_demo,True
122,test,41.297101781119146,45.45362654045505,low,0.9444370944811966,synthetic_demo,True
123,test,47.14301003901832,48.46597255902792,low,0.9388433437807945,synthetic_demo,True
124,train,42.82408422057373,46.41027518389532,low,0.9759280529723618,synthetic_demo,True
125,train,30.451813151228453,45.65788503508049,low,0.973945110822651,synthetic_demo,True
126,train,48.69418861465556,45.77626743419272,low,0.937969803105299,synthetic_demo,True
127,train,28.4581194380228,44.354359129742704,low,0.9576347486895138,synthetic_demo,True
128,train,37.97945839048362,45.995052769542234,low,0.9699842031135986,synthetic_demo,True
129,train,39.14111977182586,45.08841458400106,low,0.9374318335825305,synthetic_demo,True
130,train,42.36495387447498,46.65368551694055,low,0.958700587327737,synthetic_demo,True
131,train,34.60739194649412,44.59893066483248,low,0.9272591238610632,synthetic_demo,True
132,train,39.062378551973495,44.55757232097262,low,0.9173453911468572,synthetic_demo,True
133,train,36.39723755424594,46.25855706041022,low,0.9390943459914327,synthetic_demo,True
134,train,34.286624748616354,45.8840372409246,low,0.9388196077361578,synthetic_demo,True
135,train,48.61155017766549,47.35095593260535,low,0.940864428163351,synthetic_demo,True
136,train,43.739879542142305,48.161891909733924,low,0.9375678369538865,synthetic_demo,True
137,test,43.124995389581066,44.61733215316798,low,0.9500922331850102,synthetic_demo,True
138,train,48.261063529562996,45.83302481589039,low,0.9347975278055605,synthetic_demo,True
139,train,45.688506845958536,47.208888250761774,low,0.9592234544591134,synthetic_demo,True
140,train,38.83196149913341,44.80622648504926,low,0.9568239103926525,synthetic_demo,True
141,test,37.584944483431535,45.78964154259831,low,0.950744447880119,synthetic_demo,True
142,train,31.134919621216746,44.69188739412605,low,0.9505372588999406,synthetic_demo,True
143,train,45.41427785699337,47.345477485364796,low,0.9568288404533785,synthetic_demo,True
144,train,29.756011972795093,44.210968334179434,low,0.9303669738689453,synthetic_demo,True
145,train,32.996917009628,45.01946603560817,low,0.9349650317801288,synthetic_demo,True
146,train,34.586883495895734,46.40242693147016,low,0.9407381336474652,synthetic_demo,True
147,train,39.780991774778634,45.7484859079039,low,0.9267779847438437,synthetic_demo,True
148,train,46.590110286746906,45.98378931702346,low,0.9435662293596219,synthetic_demo,True
149,train,44.509461159200576,45.51616413457541,low,0.9348505351422459,synthetic_demo,True
150,train,43.2122617378246,45.4027617164542,low,0.958249041831085,synthetic_demo,True
151,train,40.667565816716106,46.91977177459618,low,0.9527941503128897,synthetic_demo,True
152,train,52.56450050117498,46.975714333409876,low,0.9390561187115603,synthetic_demo,True
153,train,42.70136529012441,46.277757528058785,low,0.9579971485082335,synthetic_demo,True
154,train,47.315568105340134,46.20859077017072,low,0.9541380588646285,synthetic_demo,True
155,train,43.793633131628745,47.74629578060526,low,0.9345862051301436,synthetic_demo,True
156,train,43.87225465618172,46.865261906020436,low,0.956408203771236,synthetic_demo,True
157,train,48.80325217415038,46.16738220746785,low,0.9557197290576159,synthetic_demo,True
158,train,35.757371871403755,44.482948390659146,low,0.9320397828557161,synthetic_demo,True
159,train,47.456455079071844,47.9913757598424,low,0.9453309176061354,synthetic_demo,True
160,train,31.754280471827684,46.1803801898946,low,0.9734970070256097,synthetic_demo,True
161,train,53.056355091055664,46.88648934308031,low,0.9317318630929549,synthetic_demo,True
162,train,34.361766328778465,45.596748126049825,low,0.9610672686345705,synthetic_demo,True
163,train,23.578866034703527,43.94026237272104,low,0.9333657195752774,synthetic_demo,True
164,train,28.776430144681026,44.505379338622696,low,0.9564684390443206,synthetic_demo,True
165,train,26.713848743662428,45.400567374985535,low,0.9615060770708875,synthetic_demo,True
166,train,42.515716698903034,45.61913517781192,low,0.9508781167041604,synthetic_demo,True
167,test,47.29936491457437,44.74487937634668,low,0.9598937310660597,synthetic_demo,True
168,train,29.69813923718935,44.76556125918547,low,0.9408424312846758,synthetic_demo,True
169,train,32.6729994289779,46.55495260389261,low,0.9480788922325778,synthetic_demo,True
170,test,32.07961837782239,44.410912955514675,low,0.963949994331014,synthetic_demo,True
171,train,28.27899053719012,45.3733341653511,low,0.9175172984638106,synthetic_demo,True
172,train,44.86048814208425,45.98084840589184,low,0.9176509347583328,synthetic_demo,True
173,train,41.00642239733474,47.25341364308833,low,0.9244415604011321,synthetic_demo,True
174,train,49.63300731477025,47.622950324143986,low,0.9184670741171764,synthetic_demo,True
175,train,42.10218787800743,47.20833942147564,low,0.9367039718112162,synthetic_demo,True
176,train,49.262686995966426,46.47994864176545,low,0.953530241794151,synthetic_demo,True
177,test,39.7811517289062,45.5269094411791,low,0.9492833678916116,synthetic_demo,True
178,train,49.2035624004831,46.64004661474303,low,0.937288037868803,synthetic_demo,True
179,train,42.80324327280362,46.07820181307235,low,0.9293378340760419,synthetic_demo,True
180,train,28.500404073395686,44.548286578649176,low,0.9635395858667958,synthetic_demo,True
181,train,37.39768818055703,46.07446335995159,low,0.9326822902160279,synthetic_demo,True
182,test,46.934356687632075,48.847520907934125,low,0.9088601615312496,synthetic_demo,True
183,train,49.69141194514785,46.02698529442615,low,0.9297635645644101,synthetic_demo,True
184,train,38.885455700805466,45.08459562949918,low,0.9182519469241952,synthetic_demo,True
185,train,24.466548363126584,45.33383132975103,low,0.9420051580736293,synthetic_demo,True
186,train,32.4635492754783,45.676569760503334,low,0.9177224568580703,synthetic_demo,True
187,test,46.338156028490246,47.44930087608588,low,0.9643675233740651,synthetic_demo,True
188,test,37.87466125562513,44.21944695164322,low,0.9380762323966049,synthetic_demo,True
189,test,49.17915014581014,47.195872231913505,low,0.9395541994012239,synthetic_demo,True
190,test,53.04607198551735,45.87674568849216,low,0.9294199849449576,synthetic_demo,True
191,train,29.10538951774798,43.299587089865945,low,0.9116306308020007,synthetic_demo,True
192,train,51.54413842436235,48.43404955369488,low,0.9574209657997843,synthetic_demo,True
193,train,49.2857953008693,47.76568563722247,low,0.9439894634185144,synthetic_demo,True
194,train,39.44044096130003,45.59065536662743,low,0.9349669083254715,synthetic_demo,True
195,test,44.38527702383092,47.370405364379884,low,0.9458715376013792,synthetic_demo,True
196,train,42.14371427659051,47.01094075579281,low,0.9308843428462654,synthetic_demo,True
197,train,42.339739917120035,46.004819385707805,low,0.9825581309587169,synthetic_demo,True
198,train,42.453189179325854,45.23372975053845,low,0.9346291527530208,synthetic_demo,True
199,train,33.068611508898485,45.58247650796324,low,0.9354126858740954,synthetic_demo,True
200,train,33.40938387251147,46.46335004865975,low,0.9790442700001882,synthetic_demo,True
201,train,50.458562227891115,46.706366734415944,low,0.9670926161406103,synthetic_demo,True
202,train,37.39324188008881,45.10287921195352,low,0.9513212958866232,synthetic_demo,True
203,train,40.29677352499459,45.64865504909486,low,0.933523711457666,synthetic_demo,True
204,train,38.56596050022081,46.585459525163856,low,0.9445287735286826,synthetic_demo,True
205,train,44.26374733870108,45.062116246979194,low,0.910199114822769,synthetic_demo,True
206,train,39.81502360846119,46.15500107211666,low,0.9698205283004844,synthetic_demo,True
207,train,44.33229948581466,47.12194247357141,low,0.9397929055805757,synthetic_demo,True
208,train,46.372904788751455,48.20735135595366,low,0.9283575969375235,synthetic_demo,True
209,train,39.86911561469346,45.72271404703759,low,0.9429456150951374,synthetic_demo,True
210,train,40.760012155471145,45.71877511669705,low,0.9519035653057931,synthetic_demo,True
211,train,42.283928090207006,45.47261111600759,low,0.9753208535425618,synthetic_demo,True
212,test,51.4100173100782,48.07803146417455,low,0.9448310041663888,synthetic_demo,True
213,train,34.39021483209121,45.838205796585264,low,0.9472052100190869,synthetic_demo,True
214,train,41.928569772787135,45.95361817811681,low,0.9627392449740796,synthetic_demo,True
215,train,31.112970895702546,44.24168720169146,low,0.9633430836558662,synthetic_demo,True
216,train,34.40953836241538,44.159945885565165,low,0.9561601614167198,synthetic_demo,True
217,train,51.138784646960076,48.092006261742604,low,0.9412801913945253,synthetic_demo,True
218,train,48.65991782275748,46.71254512062676,low,0.930109751143729,synthetic_demo,True
219,train,42.140612972004156,45.279420429705866,low,0.9592400151790507,synthetic_demo,True
220,train,43.034971281586834,45.21996609912768,low,0.9609689752317854,synthetic_demo,True
221,test,51.312148275441224,46.00576748847446,low,0.959097666696379,synthetic_demo,True
222,train,40.84685903708025,45.87798823887723,low,0.9620474215250137,synthetic_demo,True
223,train,38.61359979247679,45.228873290383035,low,0.946025954884633,synthetic_demo,True
224,train,38.767896630172224,47.329046186269785,low,0.9551706120022637,synthetic_demo,True
225,train,51.57186314245988,49.3514446481576,low,0.9454896616274587,synthetic_demo,True
226,train,35.80170682907613,46.275021425825294,low,0.957984455831159,synthetic_demo,True
227,test,47.80393176631145,46.0194946534597,low,0.9586977247060704,synthetic_demo,True
228,train,32.784461252854946,44.44813609618538,low,0.9258069996484807,synthetic_demo,True
229,train,42.739009796309944,45.0234327783692,low,0.9624256859816438,synthetic_demo,True
230,train,36.370704047556444,44.8323395881817,low,0.9411878687770598,synthetic_demo,True
231,train,38.24185904284153,44.43438417847015,low,0.9298747473328695,synthetic_demo,True
232,train,34.4284352505436,45.522932184116485,low,0.9440403330870034,synthetic_demo,True
233,train,44.1838715587347,47.649809727614965,low,0.9576366987419275,synthetic_demo,True
234,train,53.131815305025334,49.2223370730764,low,0.9302853198888318,synthetic_demo,True
235,train,40.639123223462036,46.59256762973815,low,0.9429157508618141,synthetic_demo,True
236,train,32.81848490758297,44.88972507981458,low,0.9545374636673185,synthetic_demo,True
237,train,30.795034701340768,44.05426174096212,low,0.9328962481462522,synthetic_demo,True
238,train,45.55797277958901,45.73757761187314,low,0.9565089067901861,synthetic_demo,True
239,train,42.49943628276014,45.96789171913849,low,0.9266444625286888,synthetic_demo,True
240,train,39.362702674928855,46.033068823518676,low,0.914821673438315,synthetic_demo,True
241,train,39.46149589348335,45.82921420354998,low,0.9426899487410908,synthetic_demo,True
242,train,51.58150556293719,46.917875008535496,low,0.9024640184522935,synthetic_demo,True
243,train,33.08703945422747,43.47492185559073,low,0.9481831790244297,synthetic_demo,True
244,train,39.341084948279594,45.07315868219814,low,0.9465421710880348,synthetic_demo,True
245,train,36.37633219648833,44.98467012555951,low,0.913798846733544,synthetic_demo,True
246,train,37.489223042359335,44.841751016224606,low,0.9663037199179727,synthetic_demo,True
247,train,59.88112689587881,48.11526075177341,low,0.9412325704783333,synthetic_demo,True
248,train,47.297663846774974,48.02465254085555,low,0.9403795430192334,synthetic_demo,True
249,train,27.75951237422666,44.89348932514091,low,0.9211359851868919,synthetic_demo,True
250,train,41.77210585472804,44.56229742159899,low,0.9417938947836798,synthetic_demo,True
251,train,38.376048877428374,46.53989221571621,low,0.9363893926190474,synthetic_demo,True
252,train,27.423580141880638,44.92130367466551,low,0.9646858341997407,synthetic_demo,True
253,train,41.17733243099392,45.098506055578824,low,0.9440842728823458,synthetic_demo,True
254,train,40.11965251988695,44.89584158069603,low,0.9619805428727662,synthetic_demo,True
255,train,36.81300505384915,46.4904952797958,low,0.9393548756266469,synthetic_demo,True
256,train,47.285402070131454,46.23000521719254,low,0.9391647960091841,synthetic_demo,True
257,train,37.18989981710006,46.453488395610165,low,0.95286470129058,synthetic_demo,True
258,train,42.840864381576345,46.71944913704879,low,0.9368170950192918,synthetic_demo,True
259,train,36.5253554896043,44.6244173126314,low,0.9301414416261509,synthetic_demo,True
260,train,47.181400698885234,47.12239297983491,low,0.9549746800082602,synthetic_demo,True
261,train,29.03815487244814,43.09968348672666,low,0.922348872097945,synthetic_demo,True
262,train,39.68848474649852,45.183908583419196,low,0.9355522978080261,synthetic_demo,True
263,train,27.138425096569783,45.21264499163667,low,0.9636034021126508,synthetic_demo,True
264,train,33.04921001447247,43.73899857975046,low,0.9618108703692823,synthetic_demo,True
265,train,44.33552494415869,47.332761526966216,low,0.9226153572864013,synthetic_demo,True
266,test,50.335720533685624,47.12839953121006,low,0.9299626156298452,synthetic_demo,True
267,test,36.922695522431276,47.04275752612876,low,0.9500749305649131,synthetic_demo,True
268,train,34.35048806426379,45.14865049276639,low,0.9492612135359407,synthetic_demo,True
269,train,37.23393501148218,46.63252793505877,low,0.9358965374460714,synthetic_demo,True
270,train,39.85148802004415,44.95152689706788,low,0.9257084754080347,synthetic_demo,True
271,train,32.15807412170784,44.5570095975081,low,0.9314021356181497,synthetic_demo,True
272,test,38.561447905684815,44.625527100395736,low,0.932724615383527,synthetic_demo,True
273,train,29.714630835517653,44.840239359897375,low,0.9657513485285261,synthetic_demo,True
274,train,54.899940140068495,47.14031602876692,low,0.9433643586328848,synthetic_demo,True
275,test,43.064083470972356,46.939559482085826,low,0.9333572254609884,synthetic_demo,True
276,train,34.146666420156805,48.027553314804784,low,0.9590423628315266,synthetic_demo,True
277,test,47.44941644602954,46.31621767266476,low,0.9404764291005845,synthetic_demo,True
278,train,49.73355505508916,46.43511159966791,low,0.9658330419589288,synthetic_demo,True
279,test,46.52412817487011,47.09957158698754,low,0.9418953150686106,synthetic_demo,True
280,train,36.53016469843897,46.04662089750554,low,0.938076441317612,synthetic_demo,True
281,train,34.07871399808542,44.49673157943172,low,0.9477395464266956,synthetic_demo,True
282,train,42.32911701939501,45.58154031370817,low,0.9633714456052654,synthetic_demo,True
283,train,40.29211324304872,46.126340589038264,low,0.9536300851541947,synthetic_demo,True
284,train,26.276138714025876,43.500533335375344,low,0.9264799322348554,synthetic_demo,True
285,train,41.57909250978487,45.04303305071386,low,0.9404939021905288,synthetic_demo,True
286,test,30.542991935421416,45.5914358299446,low,0.9242922319629723,synthetic_demo,True
287,test,29.3023859661208,44.038485891804925,low,0.9747098500145227,synthetic_demo,True
288,train,56.63464018128541,48.474685398216366,low,0.9229696984021287,synthetic_demo,True
289,train,44.37807117874266,45.42479651323431,low,0.904938932071016,synthetic_demo,True
290,test,37.82587059564509,45.27855431785232,low,0.9521031665194897,synthetic_demo,True
291,train,27.494290944189608,44.94409130712111,low,0.9356457796239369,synthetic_demo,True
292,train,39.6368359942175,46.69982563561267,low,0.9695495715065192,synthetic_demo,True
293,train,27.280058059002492,44.42951358042663,low,0.9728868558713935,synthetic_demo,True
294,train,43.490579671040024,47.095095300318626,low,0.9444707013443767,synthetic_demo,True
295,train,34.141569961596815,44.895039746245764,low,0.9502068175549648,synthetic_demo,True
296,test,31.112763329341668,44.28311663778794,low,0.961539592753441,synthetic_demo,True
297,train,57.19350982545133,47.783329983969644,low,0.9305190557719643,synthetic_demo,True
298,train,47.19941423046855,47.67086922373907,low,0.9445890690632649,synthetic_demo,True
299,train,44.84542541761496,46.051230037900524,low,0.944025307392514,synthetic_demo,True
300,test,46.872831049015126,48.237661232337416,low,0.9530891632347096,synthetic_demo,True
301,test,34.04783015226276,45.609586767809986,low,0.9458515771988583,synthetic_demo,True
302,train,34.720591710714025,46.08582108715895,low,0.9429944198840395,synthetic_demo,True
303,test,45.724964152472424,47.90609082674937,low,0.9174395427586222,synthetic_demo,True
304,train,41.24512660420795,45.89878407431123,low,0.9759843248332561,synthetic_demo,True
305,train,41.370834775069895,45.56603026280631,low,0.9268653123533392,synthetic_demo,True
306,train,30.72333231145066,45.14079758290005,low,0.9446202665869947,synthetic_demo,True
307,train,46.54482417521668,46.75038236795462,low,0.9481575782336352,synthetic_demo,True
308,train,45.19078425564032,45.64633359366226,low,0.9364363781674638,synthetic_demo,True
309,train,44.19666622115308,44.306222358550585,low,0.9348152951818913,synthetic_demo,True
310,train,44.10059904273383,45.54938390270954,low,0.9199583152353273,synthetic_demo,True
311,test,30.944216693832242,44.73677150109968,low,0.9475304674453214,synthetic_demo,True
312,train,32.83016098705909,43.163024713631216,low,0.9608778716801392,synthetic_demo,True
313,test,49.20021338000777,46.364561280182414,low,0.9729246001104176,synthetic_demo,True
314,test,29.291672132146708,44.92319837428147,low,0.942758579634075,synthetic_demo,True
315,train,40.60253246867382,44.82063240057753,low,0.9455681646592252,synthetic_demo,True
316,train,29.065028568789714,43.47066872025351,low,0.9410101534188962,synthetic_demo,True
317,test,44.05701695274398,48.07647381920249,low,0.9670214973034135,synthetic_demo,True
318,train,41.400872750685664,46.08404071947203,low,0.9239578056310453,synthetic_demo,True
319,train,45.51042026740572,47.50364427996317,low,0.9321905495298672,synthetic_demo,True
320,train,26.099055865275933,45.00921319100639,low,0.9641415411096059,synthetic_demo,True
321,train,44.0757602748921,46.11432832717719,low,0.9392864839201651,synthetic_demo,True
322,train,48.23166469504617,45.822928931449944,low,0.9272439151109124,synthetic_demo,True
323,test,45.22487519648802,46.36179141511221,low,0.9241655791527201,synthetic_demo,True
324,train,46.898639754704284,46.767312291278465,low,0.9462121653327076,synthetic_demo,True
325,train,38.65209382613331,45.58062856970236,low,0.9406152206443159,synthetic_demo,True
326,train,51.4882985887667,48.01096685997484,low,0.950288824939503,synthetic_demo,True
327,train,43.8443934124477,45.93536426467752,low,0.9531419092719096,synthetic_demo,True
328,train,46.914893865585114,46.27839311069993,low,0.942078438017512,synthetic_demo,True
329,test,34.09452186391271,43.95035858267574,low,0.9527074100060876,synthetic_demo,True
330,train,43.71636801028508,45.50111933579538,low,0.926363370127672,synthetic_demo,True
331,train,45.89192404117865,47.34229003232805,low,0.9515658937103807,synthetic_demo,True
332,test,54.70712207499767,46.27707535588895,low,0.9288977665794204,synthetic_demo,True
333,test,56.14397272615772,47.61598402518703,low,0.9209005479328767,synthetic_demo,True
334,train,40.79801206742573,44.986511825059885,low,0.9284855645745206,synthetic_demo,True
335,train,35.0451285137256,45.78695036057805,low,0.92428567208445,synthetic_demo,True
336,train,43.30838079511465,47.10932897966478,low,0.9286307557821151,synthetic_demo,True
337,train,36.714510754725005,43.75495544399944,low,0.9315210586470692,synthetic_demo,True
338,train,45.90481687879782,46.05204469725409,low,0.9605476554027215,synthetic_demo,True
339,test,31.949213785841646,45.45123481468773,low,0.9373784703359916,synthetic_demo,True
340,train,46.53162782952489,45.15737936096056,low,0.9256962520857338,synthetic_demo,True
341,train,38.17844455106781,47.10744085335411,low,0.9559640046745567,synthetic_demo,True
342,test,28.928902989442644,45.55982365227615,low,0.9374272012604784,synthetic_demo,True
343,train,48.291321959270675,49.01174335499988,low,0.941340482915693,synthetic_demo,True
344,train,46.20173252301761,47.286986419248734,low,0.9093623083705339,synthetic_demo,True
345,train,36.58927965850281,46.10150630333717,low,0.9575951600412418,synthetic_demo,True
346,train,43.17377550166144,47.68660072976149,low,0.9554207967182109,synthetic_demo,True
347,test,34.12232981780392,45.33567507332284,low,0.9119860239107467,synthetic_demo,True
348,train,23.967165334030664,43.227444857907905,low,0.9350389822540339,synthetic_demo,True
349,test,36.08233872310055,46.785072952697824,low,0.9473073646928141,synthetic_demo,True
350,train,35.9871320104275,45.66317986043988,low,0.9622818520191347,synthetic_demo,True
351,train,41.232580966182375,45.73253609539041,low,0.9687819462341565,synthetic_demo,True
352,train,47.17698068939591,46.12453047250097,low,0.9366129287532149,synthetic_demo,True
353,train,44.59426426492494,46.534687476820004,low,0.9710384165141978,synthetic_demo,True
354,train,41.74195637474693,44.52021260788576,low,0.920934489099863,synthetic_demo,True
355,train,43.5831259897961,46.38942206868839,low,0.9410030745636497,synthetic_demo,True
356,train,29.467365571560006,44.23774555891923,low,0.9475494261712675,synthetic_demo,True
357,train,44.35550429252806,46.83946068132121,low,0.9609549240121472,synthetic_demo,True
358,train,40.093742288927324,46.010035794825676,low,0.9333533067481377,synthetic_demo,True
359,test,40.540585823841305,45.0652610340893,low,0.9475642903350431,synthetic_demo,True
360,train,24.125517741585824,44.27357636513864,low,0.9420421150893414,synthetic_demo,True
361,train,40.379341168685364,44.90268319031262,low,0.9408167089965677,synthetic_demo,True
362,train,46.00107835547686,46.1305398936373,low,0.9292165082017576,synthetic_demo,True
363,train,41.61326015190622,45.82676516705374,low,0.9361531038721891,synthetic_demo,True
364,test,35.496824139736745,45.31015431033561,low,0.9097921905645795,synthetic_demo,True
365,train,32.65249268926542,44.22875714899526,low,0.9549805365389175,synthetic_demo,True
366,test,42.67665659611261,44.86972630626476,low,0.9283926447316857,synthetic_demo,True
367,train,36.73859272685043,44.99935709350267,low,0.91631005782582,synthetic_demo,True
368,train,30.37620809354142,45.72712764647403,low,0.9338745280442667,synthetic_demo,True
369,test,44.40492341482935,46.05646880731493,low,0.9697874302598657,synthetic_demo,True
370,test,41.62555714466622,45.90561671775906,low,0.9206603103344364,synthetic_demo,True
371,train,38.29284105435502,46.33584620217882,low,0.9605307259938187,synthetic_demo,True
372,test,33.858618691237844,44.96934179355727,low,0.952025860939274,synthetic_demo,True
373,train,36.767853318616226,45.594671043155294,low,0.9457646853247086,synthetic_demo,True
374,train,44.22274382190615,45.48531150174813,low,0.9526637323319959,synthetic_demo,True
375,test,41.07761359079011,47.003839000189586,low,0.9312523892153604,synthetic_demo,True
376,train,37.43915351364383,46.89806543062781,low,0.9106849091341588,synthetic_demo,True
377,train,41.131480380608224,46.53279903858143,low,0.914446016649541,synthetic_demo,True
378,train,35.74360204414017,45.76633935055556,low,0.9544718852254682,synthetic_demo,True
379,train,31.632013353556093,44.17066450998705,low,0.94943136526706,synthetic_demo,True
380,train,44.82499442423613,46.71918630887095,low,0.9492810515094818,synthetic_demo,True
381,train,48.92884643071137,47.23620149758721,low,0.9523176981576896,synthetic_demo,True
382,train,45.346063438099456,46.74274175277275,low,0.9418761775817817,synthetic_demo,True
383,train,39.79403618110916,44.67644705754111,low,0.9127006970228341,synthetic_demo,True
384,test,27.990922947038214,44.03646026120529,low,0.9560108348390866,synthetic_demo,True
385,test,39.70067943774227,45.926563219423144,low,0.9230660097554194,synthetic_demo,True
386,test,35.056782511951575,44.89446078651459,low,0.916039785613001,synthetic_demo,True
387,train,35.84335200108606,45.02698993081375,low,0.9585914078263452,synthetic_demo,True
388,train,37.20922681523286,45.266443705737686,low,0.9473484905503371,synthetic_demo,True
389,test,38.42737953709982,45.51822211850091,low,0.9476534297405277,synthetic_demo,True
390,train,44.722744566257816,46.147186637329206,low,0.923569781242481,synthetic_demo,True
391,train,38.34418267477703,45.99649464347842,low,0.9569277931183797,synthetic_demo,True
392,train,47.23323153802813,47.563638592554355,low,0.9207421905381432,synthetic_demo,True
393,train,43.86441118874923,48.27857014988173,low,0.9505592196511088,synthetic_demo,True
394,train,40.6207678988117,47.017650219520256,low,0.9261596853227252,synthetic_demo,True
395,train,49.064168988074805,48.96493262267152,low,0.9366710600014362,synthetic_demo,True
396,test,40.68988012582357,46.84886702743034,low,0.9524464277970752,synthetic_demo,True
397,test,38.210755792105076,44.655975765326964,low,0.9421947851404019,synthetic_demo,True
398,train,38.87196887485342,45.8385541768234,low,0.9490703707157484,synthetic_demo,True
399,train,35.365698312116926,43.18729444180132,low,0.9342926689473507,synthetic_demo,True
400,train,43.92260975231692,47.06551966708153,low,0.9312306809400254,synthetic_demo,True
401,train,38.8151038127328,46.53498012840682,low,0.9743964027938331,synthetic_demo,True
402,train,45.19276261574869,45.574716938442364,low,0.9368881302412829,synthetic_demo,True
403,test,36.631383960627964,46.90754146873724,low,0.9070075148684065,synthetic_demo,True
404,train,53.36524866933124,47.02392412650772,low,0.940721006332883,synthetic_demo,True
405,train,49.29677706268326,45.982313045727196,low,0.9266204013944084,synthetic_demo,True
406,train,48.447319312576994,47.29801255196535,low,0.9799734864564145,synthetic_demo,True
407,train,41.618529928602754,45.80900538293425,low,0.9306202682261215,synthetic_demo,True
408,train,54.590308457340186,48.19429958596777,low,0.8977617882344704,synthetic_demo,True
409,train,33.05582658729323,45.106333939492686,low,0.9516529893394133,synthetic_demo,True
410,test,33.642922143260925,45.00201020084606,low,0.9573328744186076,synthetic_demo,True
411,train,46.581874872608616,46.32396493554609,low,0.912757986416512,synthetic_demo,True
412,train,43.212869630970445,47.777241255118795,low,0.9300704605858077,synthetic_demo,True
413,train,42.467316201319846,47.28627370102708,low,0.951767354059946,synthetic_demo,True
414,train,46.58909513809702,44.920824554855166,low,0.9366338652156059,synthetic_demo,True
415,train,33.346343375363155,45.241352604118745,low,0.9488289214886713,synthetic_demo,True
416,test,48.0024970459692,47.988727388017956,low,0.924286220582879,synthetic_demo,True
417,train,35.2087968257284,46.00193511787754,low,0.944499351604015,synthetic_demo,True
418,train,41.973384347284856,45.29142602069849,low,0.9425841702567536,synthetic_demo,True
419,train,37.23743041487431,45.59718596476129,low,0.9336821015837342,synthetic_demo,True
420,train,43.03031124910287,46.88120751358024,low,0.9342681444759028,synthetic_demo,True
421,train,38.57020941089084,45.74592292793793,low,0.9083820598758088,synthetic_demo,True
422,train,45.054848636229906,45.82825580233904,low,0.9311317880238531,synthetic_demo,True
423,train,42.437414340766175,46.8291899520968,low,0.9537097223561295,synthetic_demo,True
424,train,43.58803176744669,46.23506864340432,low,0.9430324974141017,synthetic_demo,True
425,train,37.16029040326638,46.503235159764486,low,0.9653780086578341,synthetic_demo,True
426,train,35.084337373895806,44.99365386707981,low,0.9610470431293145,synthetic_demo,True
427,train,49.143761465615114,46.02859857376498,low,0.917575170683817,synthetic_demo,True
428,train,36.264004585575634,45.99300574451559,low,0.9197601321970444,synthetic_demo,True
429,train,41.09580728014816,43.96913311907195,low,0.9466228219910892,synthetic_demo,True
430,train,42.89050982284093,45.87622409532659,low,0.9367849968912036,synthetic_demo,True
431,train,33.153044365359676,44.89065749011484,low,0.9550038880076687,synthetic_demo,True
432,test,36.587879365987355,45.25016895366482,low,0.9406807243460327,synthetic_demo,True
433,train,43.14605615957251,46.29386197822042,low,0.9262197884428188,synthetic_demo,True
434,train,34.00251297093857,44.93521947223888,low,0.9511913166934901,synthetic_demo,True
435,train,33.44305031166536,46.85316290033535,low,0.943640418674786,synthetic_demo,True
436,train,54.55853429813977,48.06441777949041,low,0.9067885612446591,synthetic_demo,True
437,test,19.729045637758816,44.61796651427586,low,0.9314590545511661,synthetic_demo,True
438,train,42.80713184322165,46.11970706692705,low,0.9365435114410275,synthetic_demo,True
439,train,40.32829692291177,45.086427651036274,low,0.9440372024143848,synthetic_demo,True
440,test,50.787767481126465,47.028711799142606,low,0.9574412940459296,synthetic_demo,True
441,train,32.82466560775776,45.486917930145296,low,0.9552605939644828,synthetic_demo,True
442,test,33.97262925633272,46.52975796337548,low,0.9483035353403355,synthetic_demo,True
443,train,51.70303744321437,49.24079766010948,low,0.942542464529629,synthetic_demo,True
444,train,42.83840172638582,46.25984271166919,low,0.9310681809401851,synthetic_demo,True
445,train,49.863225297065064,46.6686464111487,low,0.9422352563690684,synthetic_demo,True
446,train,53.003889204439204,47.956117649515804,low,0.942133693348522,synthetic_demo,True
447,train,44.746308518516656,45.6613672509669,low,0.9352516555859818,synthetic_demo,True
448,train,42.00292993975925,46.67513154694754,low,0.946014972441273,synthetic_demo,True
449,train,46.59971337100891,46.832238711272836,low,0.9554471433901728,synthetic_demo,True
450,test,36.22507626293896,45.16402366681288,low,0.932237018130243,synthetic_demo,True
451,test,46.54021332375252,47.748446778289136,low,0.9145178903954685,synthetic_demo,True
452,test,44.22664582058627,46.97368131160196,low,0.9085879679221943,synthetic_demo,True
453,test,50.794014751054064,47.42981497742229,low,0.9441611951335419,synthetic_demo,True
454,train,42.45137096200224,47.410319667001524,low,0.9445190727496583,synthetic_demo,True
455,train,52.25042952586676,47.71493833510523,low,0.9489585739170628,synthetic_demo,True
456,train,54.067864156203306,45.962894871277214,low,0.9461560033998963,synthetic_demo,True
457,train,45.128091437017034,43.615457870756636,low,0.9449732149359467,synthetic_demo,True
458,train,42.194478420836084,47.24851944066322,low,0.941343447127653,synthetic_demo,True
459,train,43.0227406101598,44.638111487580915,low,0.9400599242906406,synthetic_demo,True
460,train,57.771308925308716,49.47253542728117,low,0.945252947925934,synthetic_demo,True
461,train,38.77810282304635,45.22319662337788,low,0.9051778851248828,synthetic_demo,True
462,train,29.739534099351676,45.87706461886787,low,0.9530301194403343,synthetic_demo,True
463,train,40.365941425860946,46.17688655382827,low,0.9260698001736557,synthetic_demo,True
464,train,41.678606476341734,46.256557207792156,low,0.9359271442346014,synthetic_demo,True
465,train,43.27954433933155,45.080308988842575,low,0.9358641682430234,synthetic_demo,True
466,train,34.41160720750433,44.55640806198898,low,0.9360858986323431,synthetic_demo,True
467,train,26.37112222057592,44.494915704953684,low,0.9739140353883494,synthetic_demo,True
468,train,38.154997342719646,47.34622133192141,low,0.9596580370208209,synthetic_demo,True
469,train,37.24207229472432,45.396389092066116,low,0.9361521517579723,synthetic_demo,True
470,train,50.7162343261008,47.96743658423425,low,0.937347388073149,synthetic_demo,True
471,train,46.23426636003916,47.14834323404046,low,0.9221761023175791,synthetic_demo,True
472,train,53.33192296422313,47.498600974304935,low,0.9436250114580067,synthetic_demo,True
473,train,32.25238798212364,43.931052015012945,low,0.9584496401926509,synthetic_demo,True
474,train,40.956451159076664,45.50633154532569,low,0.9459579739120678,synthetic_demo,True
475,test,25.06348292905646,43.11104544373304,low,0.9422120777252587,synthetic_demo,True
476,train,47.98878850913768,49.01329645041269,low,0.9376475023614433,synthetic_demo,True
477,train,34.857459545877646,45.713772346288486,low,0.952446548986818,synthetic_demo,True
478,train,41.53656550885544,45.95951568641271,low,0.9400179121230892,synthetic_demo,True
479,train,52.00760652698517,46.72983619183544,low,0.9305434278961009,synthetic_demo,True
480,train,34.94559102913935,44.12950907984532,low,0.9436635232318252,synthetic_demo,True
481,test,47.16585245519093,47.00539063081579,low,0.9206974088465822,synthetic_demo,True
482,train,38.82286797008242,45.99161354038046,low,0.962770909860154,synthetic_demo,True
483,test,42.96628848170452,47.15770952031057,low,0.9371128617567925,synthetic_demo,True
484,test,43.70483922719703,47.27601685907464,low,0.9292707121543153,synthetic_demo,True
485,train,41.26840203211123,45.57319904014909,low,0.9259556144760708,synthetic_demo,True
486,train,38.13690879179864,46.40815660058145,low,0.9664870478916503,synthetic_demo,True
487,train,40.71007000456742,44.85489200992571,low,0.9586101404912292,synthetic_demo,True
488,train,43.327085535011115,46.85450361621425,low,0.9240058865855482,synthetic_demo,True
489,train,57.0189650924336,48.38321906035598,low,0.9074001665020192,synthetic_demo,True
490,test,44.69587187588882,44.94988045890395,low,0.9568489522461542,synthetic_demo,True
491,test,40.23296445781186,44.7639676358891,low,0.9184659172138546,synthetic_demo,True
492,train,44.667259015801896,47.16624184412508,low,0.9339882848541048,synthetic_demo,True
493,train,49.868433960061594,46.87549345372762,low,0.9271381797395493,synthetic_demo,True
494,train,49.005711679331675,45.46419784317472,low,0.9433860108958003,synthetic_demo,True
495,train,43.044730706326476,46.10896987034464,low,0.9395046794152826,synthetic_demo,True
496,train,43.293830417859255,47.17669963809424,low,0.9552044374866137,synthetic_demo,True
497,train,39.886713146148814,46.11131278578689,low,0.9267972177335222,synthetic_demo,True
498,train,27.46993073861526,43.78218586760097,low,0.950098031506783,synthetic_demo,True
499,test,24.83083602341823,45.088139768072985,low,0.9549912763110255,synthetic_demo,True
500,test,50.47725362212936,46.31757408395673,low,0.9114306239671923,synthetic_demo,True
501,train,44.586819285149595,47.29896492080455,low,0.9364309674729249,synthetic_demo,True
502,test,40.3544583545307,44.93156991768297,low,0.965764297560712,synthetic_demo,True
503,test,30.538075627735655,43.61301442699126,low,0.9469448676450283,synthetic_demo,True
504,test,41.843122764815575,46.06450708999172,low,0.9590256825782714,synthetic_demo,True
505,train,30.640964634400557,45.36148858379004,low,0.9502478762017048,synthetic_demo,True
506,train,28.630003993956528,43.4596396531436,low,0.9359304049620626,synthetic_demo,True
507,train,51.46619179081336,47.332710118043025,low,0.9435805808755611,synthetic_demo,True
508,test,35.331175082293306,46.21917414767454,low,0.958430346778978,synthetic_demo,True
509,train,37.60932451530301,46.50781992567216,low,0.9674345831731284,synthetic_demo,True
510,train,52.3958447127652,47.28955336056552,low,0.9408256805890346,synthetic_demo,True
511,train,34.86195544682983,44.958878232482526,low,0.9492379419234022,synthetic_demo,True
512,train,29.243820133126764,44.362910286810155,low,0.9295921318958862,synthetic_demo,True
513,train,32.916519464626866,45.08639164806461,low,0.9563863983605457,synthetic_demo,True
514,train,35.93446463197662,44.1178219965468,low,0.9620006596444215,synthetic_demo,True
515,train,41.56605842838616,47.67520340309659,low,0.9184054007276833,synthetic_demo,True
516,train,46.06645256628515,44.75525687242345,low,0.9336288186519933,synthetic_demo,True
517,train,37.05184444707664,46.58260264040969,low,0.9441415173770805,synthetic_demo,True
518,test,41.10803495570102,45.32907328290017,low,0.9242764039002834,synthetic_demo,True
519,train,41.612250750024074,47.04521077896315,low,0.9243797034462973,synthetic_demo,True
520,train,41.06026964373039,44.68667085653383,low,0.9403592989970694,synthetic_demo,True
521,train,39.07498843984015,46.888915091586014,low,0.9482068826288277,synthetic_demo,True
522,train,40.899484128836875,46.85698279344656,low,0.9677750336028162,synthetic_demo,True
523,train,40.69818411359529,46.1990507495275,low,0.9236928780364951,synthetic_demo,True
524,train,34.46558986378207,42.85918712083555,low,0.9332183568238243,synthetic_demo,True
525,test,36.06766026865202,45.31071630174246,low,0.9550741548036085,synthetic_demo,True
526,test,43.16535253188672,44.528408865279125,low,0.9453311503103136,synthetic_demo,True
527,train,41.065873817984425,46.17308612992592,low,0.9564951393518184,synthetic_demo,True
528,test,36.6121013048184,48.2292756412304,low,0.9278562010281748,synthetic_demo,True
529,test,39.7428431682647,46.406527769440295,low,0.9585608178298417,synthetic_demo,True
530,train,38.50943976612278,44.71820134320013,low,0.9432495219806019,synthetic_demo,True
531,train,28.95487801032713,44.87163248176206,low,0.9750034649014293,synthetic_demo,True
532,train,43.111065418448895,45.26210234100901,low,0.9417325926939869,synthetic_demo,True
533,test,31.91432424189433,44.90427922093381,low,0.9562339257871308,synthetic_demo,True
534,test,44.10933852308461,47.69805828063743,low,0.9161873369078715,synthetic_demo,True
535,test,44.052263913593144,47.0675897613684,low,0.9435249440253279,synthetic_demo,True
536,train,41.101949505293554,47.61449511390518,low,0.9435602959975088,synthetic_demo,True
537,train,50.446460268007755,48.420872290969875,low,0.9200002481278968,synthetic_demo,True
538,train,43.657675863800996,44.896232494562035,low,0.941716472240456,synthetic_demo,True
539,train,48.27739625648265,45.35232810905813,low,0.9555292723243735,synthetic_demo,True
540,test,47.79073648179385,46.34923085557938,low,0.9544552635488682,synthetic_demo,True
541,train,45.05298721985951,47.6370883565618,low,0.9506691050400917,synthetic_demo,True
542,train,43.94105903636552,45.060926624442324,low,0.9496579335789204,synthetic_demo,True
543,test,36.43309207602566,44.063961197371306,low,0.9465520302951717,synthetic_demo,True
544,train,55.20698935736612,46.78034223378128,low,0.9390004317073187,synthetic_demo,True
545,train,32.15360657577489,43.73651307776038,low,0.9479303531241803,synthetic_demo,True
546,train,45.98647369524282,47.66582275735524,low,0.9656529558889112,synthetic_demo,True
547,test,30.35560415072543,42.22567076502253,low,0.9069410906625364,synthetic_demo,True
548,test,42.40146930527533,46.936306044808006,low,0.9626950265864878,synthetic_demo,True
549,train,43.90682638010715,48.376213742903666,low,0.9590790385159491,synthetic_demo,True
550,train,30.40847756278864,44.60651071798301,low,0.9621328220209806,synthetic_demo,True
551,train,39.06702437895746,46.29014809747815,low,0.9545261470623039,synthetic_demo,True
552,train,40.6660473559398,46.858797321724346,low,0.9453438947439806,synthetic_demo,True
553,test,40.42565737097232,46.86454248082872,low,0.9443188190386832,synthetic_demo,True
554,train,27.467731977290537,44.63690496569887,low,0.952758221167331,synthetic_demo,True
555,test,43.42508003682784,47.09989784261052,low,0.9353198053321393,synthetic_demo,True
556,train,40.332840036992295,47.21277322524545,low,0.9652927321768456,synthetic_demo,True
557,train,47.09678656207401,46.448765421512675,low,0.9356213478638745,synthetic_demo,True
558,train,41.01004734947918,45.749623560191196,low,0.9379756238068034,synthetic_demo,True
559,train,35.31050150973118,45.14964640414928,low,0.9788063720298731,synthetic_demo,True
560,test,33.63572414846009,45.319840980642354,low,0.9600923462614785,synthetic_demo,True
561,train,37.30388189038119,44.07479852568858,low,0.9348311520057805,synthetic_demo,True
562,train,35.1377863145486,45.87774844528125,low,0.9634638405045147,synthetic_demo,True
563,train,33.63898504801938,44.81113771930312,low,0.9331198152054093,synthetic_demo,True
564,test,41.909431851623275,46.21567291801086,low,0.9567148072579146,synthetic_demo,True
565,train,32.03572660925727,45.436092112647245,low,0.9661186575999552,synthetic_demo,True
566,train,38.39624228110207,46.0487759081064,low,0.9378695103635208,synthetic_demo,True
567,train,41.62238954487537,46.43862633193767,low,0.9649088538048729,synthetic_demo,True
568,train,44.65656793002533,47.80675000501158,low,0.9416708038443042,synthetic_demo,True
569,train,43.254100161883876,47.016635276751586,low,0.9399977146397038,synthetic_demo,True
570,train,34.76535201974061,45.121346879889714,low,0.9684828803192927,synthetic_demo,True
571,train,51.2890497580441,48.149308852735906,low,0.9679264077715937,synthetic_demo,True
572,train,33.93395291397943,42.272763933269964,low,0.8934259464759404,synthetic_demo,True
573,train,51.29914871393244,45.80967229772736,low,0.8947207094459657,synthetic_demo,True
574,train,37.22156252511931,44.34085904859295,low,0.9539681096234349,synthetic_demo,True
575,train,40.79953400628653,46.295921499083015,low,0.9714948104806015,synthetic_demo,True
576,train,34.12686428717737,43.91749627838357,low,0.9495052229153773,synthetic_demo,True
577,train,45.10563692928019,46.37424591261984,low,0.945611153971444,synthetic_demo,True
578,train,29.534081801362817,45.41129144809718,low,0.9299459334324883,synthetic_demo,True
579,train,34.18588233262268,45.75079712853209,low,0.9567321704721129,synthetic_demo,True
580,train,46.20457092563843,46.26056525694474,low,0.9310524058291797,synthetic_demo,True
581,train,31.53656968436541,45.53251168059832,low,0.9492739763069741,synthetic_demo,True
582,train,42.68816208588541,45.768461131005175,low,0.9277873974303856,synthetic_demo,True
583,test,29.443315267065117,44.50273430697547,low,0.925844922040535,synthetic_demo,True
584,train,55.77666053445015,47.686704447420254,low,0.9379751635380598,synthetic_demo,True
585,train,42.83913823164723,46.60462680573379,low,0.9540718488083278,synthetic_demo,True
586,test,40.71017233716435,45.83034951057567,low,0.9233741930646798,synthetic_demo,True
587,train,42.91073420614685,43.98227838717308,low,0.9607219930852441,synthetic_demo,True
588,train,32.75773619026214,43.458863144106594,low,0.9166980026437522,synthetic_demo,True
589,train,49.43864416663275,46.28816528973869,low,0.9404392677488644,synthetic_demo,True
590,test,32.0346934441684,43.425408401728774,low,0.9475719879703538,synthetic_demo,True
591,train,36.05316902201952,45.52749888333088,low,0.9338987594713581,synthetic_demo,True
592,train,40.96550131436755,45.26955831836689,low,0.9590552482979957,synthetic_demo,True
593,train,34.92172909039949,45.40188352116651,low,0.9558340163921741,synthetic_demo,True
594,train,44.37973424978547,47.46990602904402,low,0.9208926551521598,synthetic_demo,True
595,train,31.306553441932213,44.73941753122421,low,0.9233401342157007,synthetic_demo,True
596,train,30.49025427244136,42.88330447785042,low,0.9289381123092647,synthetic_demo,True
597,test,33.941463985117004,45.626216896552016,low,0.9630885144268809,synthetic_demo,True
598,train,34.9695742154433,46.37951179871916,low,0.919305582931115,synthetic_demo,True
599,test,32.969473387194896,45.01721217613098,low,0.9482503133864202,synthetic_demo,True
600,train,30.85706434220659,44.701692787362525,low,0.9280797871050519,synthetic_demo,True
601,train,28.486521930084386,44.448487762700125,low,0.9479150661003569,synthetic_demo,True
602,test,30.796022418118874,48.260252325547626,low,0.9534664305250058,synthetic_demo,True
603,train,28.70375369717239,43.87394643468708,low,0.9377466576446564,synthetic_demo,True
604,train,33.94040325948497,45.20144931419321,low,0.9381918047650771,synthetic_demo,True
605,train,46.040472135677355,47.49516005643846,low,0.9375652682382778,synthetic_demo,True
606,train,47.239962681932965,47.09640263034595,low,0.9284072159196622,synthetic_demo,True
607,train,48.06470380581762,46.07795726681098,low,0.9351303402339646,synthetic_demo,True
608,train,29.400839235308585,44.03628045294956,low,0.9440031736045815,synthetic_demo,True
609,test,41.988926458909376,46.797168791672846,low,0.9670516588199574,synthetic_demo,True
610,train,44.05745534627968,45.73925519866671,low,0.9385031452771911,synthetic_demo,True
611,test,39.765784190929836,46.25816646465687,low,0.9321942270337238,synthetic_demo,True
612,train,47.70403856203625,45.806664706856694,low,0.930396933768811,synthetic_demo,True
613,train,52.96383389791301,47.43582965595878,low,0.9230976664413817,synthetic_demo,True
614,train,42.49786490625818,46.224842805644094,low,0.9249411474865786,synthetic_demo,True
615,test,27.480610487420265,44.72565648819417,low,0.9666393569209937,synthetic_demo,True
616,train,48.1176450194056,46.37199359789228,low,0.9218819427964803,synthetic_demo,True
617,test,37.798656719244065,47.487723393508894,low,0.9410535358122348,synthetic_demo,True
618,train,39.907324870725716,46.37177823122041,low,0.9436940715418645,synthetic_demo,True
619,train,35.954101047787326,45.155322109354735,low,0.9489596202108989,synthetic_demo,True
620,train,36.99131135843943,45.0218695821899,low,0.9248582414472899,synthetic_demo,True
621,test,49.44894975791564,48.45729322040874,low,0.9448740293068802,synthetic_demo,True
622,test,50.76190281476245,46.038092567543046,low,0.9400424306668247,synthetic_demo,True
623,train,29.798937521754805,45.27897689705835,low,0.9320837503753457,synthetic_demo,True
624,train,35.25766699432806,46.56164660382757,low,0.9606408940952119,synthetic_demo,True
625,train,43.58348441254857,46.0346340278123,low,0.9618169459683508,synthetic_demo,True
626,train,30.728818194366873,45.2283302198261,low,0.919424258650427,synthetic_demo,True
627,train,46.8071134160452,46.156047906025094,low,0.9479106555401776,synthetic_demo,True
628,test,35.806034974178566,46.718989624093794,low,0.9325156753523782,synthetic_demo,True
629,train,37.549390177720916,45.92198778345251,low,0.9703428016391575,synthetic_demo,True
630,train,43.512983278207756,43.93210073998915,low,0.9085233144788061,synthetic_demo,True
631,train,35.02631668339923,44.76248323896532,low,0.9352794152555454,synthetic_demo,True
632,train,40.913014981994614,45.80303537864625,low,0.9435033565258246,synthetic_demo,True
633,test,29.904268289227954,43.90937885056574,low,0.9251824811120843,synthetic_demo,True
634,test,31.22391717818414,45.825014970797696,low,0.9694127827530329,synthetic_demo,True
635,train,47.36407284010674,48.12695534609212,low,0.9290634478395465,synthetic_demo,True
636,train,35.566470747985086,45.98317801747955,low,0.9476224281931529,synthetic_demo,True
637,test,33.82144673459512,45.44071350295393,low,0.963957103304112,synthetic_demo,True
638,train,43.5228988895075,46.089452144140644,low,0.9555411754204344,synthetic_demo,True
639,train,44.12362759840828,46.7947782473836,low,0.9772166655755292,synthetic_demo,True
640,test,29.672900112551314,45.40054158033083,low,0.9353275737750324,synthetic_demo,True
641,test,43.22386891630858,47.02906066964594,low,0.9494608184046862,synthetic_demo,True
642,test,39.34834012233976,46.03397033868109,low,0.955891058538704,synthetic_demo,True
643,train,44.10241695223286,47.35672380686883,low,0.9658491325372981,synthetic_demo,True
644,train,40.75475439337944,44.6678498188452,low,0.9335076704999303,synthetic_demo,True
645,train,38.36831728460318,45.597715329662016,low,0.9384022060533878,synthetic_demo,True
646,train,34.16842253456714,45.62833589237562,low,0.9462453896569364,synthetic_demo,True
647,train,33.643824014025995,45.4150904744433,low,0.958027861051285,synthetic_demo,True
648,test,24.439214521617796,44.30534698844119,low,0.9392852153258301,synthetic_demo,True
649,train,37.78790110858842,45.79224023304999,low,0.940444389131054,synthetic_demo,True
650,train,38.562822733974784,43.206686621192524,low,0.9115775758883913,synthetic_demo,True
651,test,47.00756646571042,46.30109155507722,low,0.9478373792574765,synthetic_demo,True
652,train,32.977710102777195,44.71334679046242,low,0.9378921293339094,synthetic_demo,True
653,train,31.154852866222942,45.85950650656879,low,0.9479058353708774,synthetic_demo,True
654,test,31.358622654336155,44.728574978298006,low,0.9694036160521052,synthetic_demo,True
655,train,42.86071519322989,45.12221937846871,low,0.9300124748221736,synthetic_demo,True
656,train,45.65312094077393,46.63575571325528,low,0.9130375483603987,synthetic_demo,True
657,train,45.881501048309566,46.77106969897408,low,0.9496918092520722,synthetic_demo,True
658,train,43.88998232242182,46.412212840808294,low,0.9340613856001779,synthetic_demo,True
659,train,35.115647588681,45.122734974946255,low,0.9479165454042762,synthetic_demo,True
660,train,46.813765202680706,47.829943983811816,low,0.9437340901483703,synthetic_demo,True
661,train,34.070868059939336,44.789661473055574,low,0.9621679202707624,synthetic_demo,True
662,train,34.06561601292944,43.33628983259307,low,0.9359465679641953,synthetic_demo,True
663,train,39.22621790249737,44.893586385749195,low,0.9306802594366589,synthetic_demo,True
664,train,44.11617255735957,45.669529827481526,low,0.9541888306886382,synthetic_demo,True
665,train,47.2177486154357,46.99935729226436,low,0.9240902579882284,synthetic_demo,True
666,train,41.147367800404155,46.9371480567891,low,0.9489832284993838,synthetic_demo,True
667,test,31.661422433235952,44.784568835536284,low,0.9196391785487188,synthetic_demo,True
668,train,47.58538142179231,46.15432375116849,low,0.93853077056819,synthetic_demo,True
669,test,35.53543705392775,44.13175537775553,low,0.9404421052046819,synthetic_demo,True
670,train,49.87495012356196,46.5911709205837,low,0.9705129589824768,synthetic_demo,True
671,train,37.52514423054931,43.674294164701244,low,0.9417442181021709,synthetic_demo,True
672,test,28.85023794689298,44.57202552321034,low,0.9567928757632616,synthetic_demo,True
673,train,34.75430315702041,46.85274015759408,low,0.9414570777769744,synthetic_demo,True
674,train,30.44587521020827,45.653800545621515,low,0.9681185443732346,synthetic_demo,True
675,test,40.76193376093851,47.189954098189055,low,0.9702824330069039,synthetic_demo,True
676,train,47.272974623592,46.51534206496729,low,0.9643546756863078,synthetic_demo,True
677,train,38.60671962903295,44.76769912417195,low,0.9489295328669877,synthetic_demo,True
678,train,41.113900132999476,46.13674090283959,low,0.9357857101758038,synthetic_demo,True
679,train,34.16967220664831,44.439109794480956,low,0.9570727878753317,synthetic_demo,True
680,train,40.64793035624422,46.39668643659966,low,0.9185925742770455,synthetic_demo,True
681,train,38.028247104253566,45.19534945059191,low,0.9526947556921102,synthetic_demo,True
682,train,50.33504669907344,47.96362802083909,low,0.944722124703299,synthetic_demo,True
683,train,44.9741840937745,45.838955145362746,low,0.9099029552172956,synthetic_demo,True
684,train,33.76157827928987,46.15105132349265,low,0.9470578903469286,synthetic_demo,True
685,train,40.96990702579526,43.79061661688884,low,0.9521955690378966,synthetic_demo,True
686,train,49.86096599567758,47.296688448082804,low,0.9363500419516504,synthetic_demo,True
687,test,34.231428593001986,45.65243232016288,low,0.9321538958342596,synthetic_demo,True
688,train,33.661578932870654,43.4870681526211,low,0.9302764485313235,synthetic_demo,True
689,test,48.0644786062377,46.41004166164179,low,0.9457803370459584,synthetic_demo,True
690,train,40.35333220318738,47.22627664168018,low,0.9523246926909518,synthetic_demo,True
691,train,43.628453288859866,45.68837653592344,low,0.9010111470872803,synthetic_demo,True
692,train,40.59037307921568,44.6479166720148,low,0.943843925924992,synthetic_demo,True
693,train,32.16586483749587,45.4913780142047,low,0.9311173628536813,synthetic_demo,True
694,train,48.089575971818,45.614488724470284,low,0.9332106878696684,synthetic_demo,True
695,train,36.44017514295659,44.727441338185045,low,0.9458660064496367,synthetic_demo,True
696,train,36.351280454845636,45.20871338203119,low,0.970631640097227,synthetic_demo,True
697,train,41.85381025854717,44.73962407607052,low,0.9413141098471061,synthetic_demo,True
698,train,30.7405636516494,45.77728622274708,low,0.945011974039003,synthetic_demo,True
699,test,51.4422207941546,47.736472492811814,low,0.9267429686029531,synthetic_demo,True
700,train,47.29825742248819,48.13226066263784,low,0.9690071305083678,synthetic_demo,True
701,train,30.642865764199385,45.29905436302554,low,0.948877686502181,synthetic_demo,True
702,test,34.54033672149319,47.052842577892214,low,0.9678806314906037,synthetic_demo,True
703,train,38.60673365694112,45.49819699110289,low,0.9425532431485172,synthetic_demo,True
704,train,31.370166374913577,44.69878484377195,low,0.9421336860703412,synthetic_demo,True
705,train,44.157956997901174,44.99835297654515,low,0.9462483385148713,synthetic_demo,True
706,test,36.99018429929027,47.4258063763617,low,0.9624085977985234,synthetic_demo,True
707,train,50.9976138963379,46.34185644553017,low,0.9664588940151558,synthetic_demo,True
708,train,38.30925509881643,44.31122598893917,low,0.9499242577044782,synthetic_demo,True
709,train,42.28286430922893,45.67729408095629,low,0.9752892252920113,synthetic_demo,True
710,train,44.28475160164211,46.11671736220011,low,0.9307356863172283,synthetic_demo,True
711,test,36.012836523370424,45.642699772143985,low,0.9741819939958314,synthetic_demo,True
712,train,35.16798484938023,45.78200100348156,low,0.974202362307329,synthetic_demo,True
713,train,24.336222332803363,43.098687926962185,low,0.9496322112599968,synthetic_demo,True
714,train,33.87992464296598,46.48859737021225,low,0.9541396704171384,synthetic_demo,True
715,train,46.804433516299184,45.01982141353502,low,0.9586799619618945,synthetic_demo,True
716,train,42.00023407485832,47.85286154749027,low,0.9746723541404568,synthetic_demo,True
717,train,39.99808139437181,45.67700803688134,low,0.9572851639579072,synthetic_demo,True
718,test,35.961996127961484,45.578684841184725,low,0.9612650489350406,synthetic_demo,True
719,train,25.707058172550607,43.29115162136979,low,0.9454097927195731,synthetic_demo,True
720,test,47.550867459298104,45.45111237937397,low,0.953109587102158,synthetic_demo,True
721,test,42.41766229214628,47.23896903045892,low,0.9242708919586554,synthetic_demo,True
722,train,32.59572087578348,44.98974798633028,low,0.9315143717163803,synthetic_demo,True
723,train,32.43736259329612,43.46446936878985,low,0.9462708549720282,synthetic_demo,True
724,train,42.97414587330039,45.11144037724143,low,0.9315748293745948,synthetic_demo,True
725,train,33.463249012846816,43.47051665279352,low,0.9131415795579587,synthetic_demo,True
726,train,37.778843040812816,44.15739795612199,low,0.9033404889980713,synthetic_demo,True
727,train,38.717350408131985,44.80249535015312,low,0.959496007003836,synthetic_demo,True
728,train,30.622723291463274,44.27682736931213,low,0.9525893968387942,synthetic_demo,True
729,train,33.53614226552265,46.34194352449217,low,0.9633945002725652,synthetic_demo,True
730,test,37.48493666751626,45.65287080139416,low,0.9056008500151949,synthetic_demo,True
731,train,40.14805559750307,45.52583081654222,low,0.9175546931563978,synthetic_demo,True
732,test,34.36369071566154,44.41653255043464,low,0.9479531445042496,synthetic_demo,True
733,train,52.61057388081121,47.150808002615705,low,0.912860540411027,synthetic_demo,True
734,train,38.208361777976876,45.23494084581884,low,0.9463686158256062,synthetic_demo,True
735,test,55.54824346927247,47.29701542137692,low,0.9219135291188776,synthetic_demo,True
736,test,47.119795064481735,47.193760549884914,low,0.8768994008573275,synthetic_demo,True
737,train,40.373179123968015,44.83955813243901,low,0.9511234615554375,synthetic_demo,True
738,train,35.746194152733565,44.84885022498773,low,0.9450615086384833,synthetic_demo,True
739,train,42.009136292186476,46.4189737158169,low,0.9161979127241718,synthetic_demo,True
740,train,36.96354208169886,45.3678444501858,low,0.9506021733240791,synthetic_demo,True
741,train,40.687685281630806,45.223339991238475,low,0.9563625418647307,synthetic_demo,True
742,train,30.931780864621285,45.114671065983245,low,0.9459630435926513,synthetic_demo,True
743,train,36.42968007835134,45.251718942929685,low,0.9338516723572899,synthetic_demo,True
744,train,41.30450575249759,45.50036209414022,low,0.935814249552218,synthetic_demo,True
745,train,39.330169184831426,45.91430756916275,low,0.9183791736515683,synthetic_demo,True
746,train,45.994824835275935,47.25184186153149,low,0.9467906441011915,synthetic_demo,True
747,train,50.92508857962614,47.71922513383392,low,0.9352589581690826,synthetic_demo,True
748,train,39.996508639180306,46.77667463662187,low,0.9506067535326048,synthetic_demo,True
749,test,39.67798654767613,46.34942341969348,low,0.962825178160537,synthetic_demo,True
750,train,38.66228297168446,47.63514072541679,low,0.9396442719744905,synthetic_demo,True
751,train,40.88209060427699,45.2332639828289,low,0.8885462586034945,synthetic_demo,True
752,test,47.56582512018501,47.52981965846958,low,0.9166588806907195,synthetic_demo,True
753,train,39.65728890027614,45.91953524121478,low,0.9511004054761529,synthetic_demo,True
754,train,46.38387054241726,46.881739910623885,low,0.958239094251054,synthetic_demo,True
755,train,42.135346155039535,46.60927504639643,low,0.9318712878397658,synthetic_demo,True
756,train,36.91780284498832,44.83052850568876,low,0.918424333923183,synthetic_demo,True
757,train,47.44963750721408,45.320044690195274,low,0.9402335669903626,synthetic_demo,True
758,train,37.17474398500214,45.583278296165375,low,0.9506220979701321,synthetic_demo,True
759,train,30.166345749884282,44.47924471377792,low,0.9291849849553083,synthetic_demo,True
760,train,38.55190479409149,46.413221370625564,low,0.9571890702291407,synthetic_demo,True
761,train,40.191564455519504,46.568157100974275,low,0.9607883631070135,synthetic_demo,True
762,train,36.569857616891596,44.12796181368587,low,0.9277653270820636,synthetic_demo,True
763,test,37.40821276641489,42.97391404945871,low,0.9353796353724187,synthetic_demo,True
764,train,37.97189473196561,46.58148935480476,low,0.9671346044155555,synthetic_demo,True
765,train,39.284485546790386,44.557753141078706,low,0.9403061186210326,synthetic_demo,True
766,train,27.4025769210704,44.20776793066031,low,0.9669765758552523,synthetic_demo,True
767,train,49.5519820933368,46.3424905867679,low,0.9640600845769205,synthetic_demo,True
768,train,26.7500963378296,44.132322163043334,low,0.9564423054965249,synthetic_demo,True
769,train,47.2147072375956,45.41018168015694,low,0.9463987212159506,synthetic_demo,True
770,train,42.464808749840856,44.339653565995384,low,0.9444991534769441,synthetic_demo,True
771,train,44.384324666432384,46.33706747990872,low,0.9531685587378426,synthetic_demo,True
772,train,44.93705179153649,46.51341396539033,low,0.9164426950530062,synthetic_demo,True
773,train,28.424166619958662,45.678850064157544,low,0.9573594621831967,synthetic_demo,True
774,train,45.01306615322335,47.51862942592715,low,0.9536593276926616,synthetic_demo,True
775,train,51.4207412227595,46.14885286890909,low,0.929732467354357,synthetic_demo,True
776,train,32.95418213490986,44.720984755880174,low,0.957146370357264,synthetic_demo,True
777,train,44.65896924904848,47.100011504856425,low,0.9407479094001944,synthetic_demo,True
778,train,46.91608322809179,46.852982738343925,low,0.9408629789969588,synthetic_demo,True
779,test,42.19217852726263,45.95956304435784,low,0.9456217245283295,synthetic_demo,True
780,train,40.242062013252784,45.937857166224504,low,0.9378811528486474,synthetic_demo,True
781,train,30.18774515072377,45.67194388382849,low,0.9615018653460347,synthetic_demo,True
782,train,31.182710208195147,46.75455628714823,low,0.97444645297932,synthetic_demo,True
783,train,37.49672116071105,45.753250711218016,low,0.9792332148415362,synthetic_demo,True
784,train,34.085915984431644,43.05672965468767,low,0.9501920129769886,synthetic_demo,True
785,train,44.64801666579409,45.69755891670554,low,0.9329225110716911,synthetic_demo,True
786,test,39.84584379694287,46.38501914565956,low,0.9550855978341485,synthetic_demo,True
787,train,35.944207909962515,45.48903532929622,low,0.9460161952373431,synthetic_demo,True
788,train,23.88410627232482,45.28291819064002,low,0.9649587682743777,synthetic_demo,True
789,train,42.868008623033354,46.0674732193682,low,0.960025736586012,synthetic_demo,True
790,test,22.504391480479256,42.48206306196989,low,0.927904108544608,synthetic_demo,True
791,test,37.23818719335158,46.0982934995896,low,0.9273221036116523,synthetic_demo,True
792,train,29.998247446243287,43.6388430221309,low,0.9489020259712431,synthetic_demo,True
793,train,36.28412520064451,44.6614560725012,low,0.9459796984600741,synthetic_demo,True
794,train,45.494504773415755,45.91936459180378,low,0.9381591371771172,synthetic_demo,True
795,train,38.42839648293498,47.69932559213498,low,0.9412007844906469,synthetic_demo,True
796,train,39.7491901009615,45.23209228068893,low,0.9489681778422986,synthetic_demo,True
797,train,30.29700334130826,44.18096834040469,low,0.937148537016909,synthetic_demo,True
798,train,46.31858480988163,48.74364177029332,low,0.937515596280743,synthetic_demo,True
799,train,36.4916571597219,44.57689067115055,low,0.9401900297116144,synthetic_demo,True
800,train,42.19556975789166,46.479799737775565,low,0.9403146744858836,synthetic_demo,True
801,train,33.53415652818612,45.23113004574502,low,0.9489575118124743,synthetic_demo,True
802,train,32.22561067932412,44.13863129684575,low,0.9474853974528941,synthetic_demo,True
803,train,44.2911598658035,46.29600821911804,low,0.9352179821530682,synthetic_demo,True
804,train,38.78524177615807,44.40762165270083,low,0.9597184777455979,synthetic_demo,True
805,train,30.96070716565395,45.00837880145722,low,0.9454840040112871,synthetic_demo,True
806,train,41.64788453034806,46.88616849029771,low,0.9387093577835804,synthetic_demo,True
807,train,32.69651347861227,43.894281770924806,low,0.9323949484945069,synthetic_demo,True
808,train,28.373354012601737,44.306428406516766,low,0.9280844145770779,synthetic_demo,True
809,test,53.18768243067943,48.12667541432886,low,0.9217592107466185,synthetic_demo,True
810,train,35.14428733586171,46.7840491827286,low,0.9462334913432516,synthetic_demo,True
811,train,52.09548066671057,47.93443085229806,low,0.9017128635930675,synthetic_demo,True
812,test,40.69951573050559,45.35173722959463,low,0.9432697136741306,synthetic_demo,True
813,train,29.124628879360042,44.541281077231474,low,0.9361100591105355,synthetic_demo,True
814,train,36.897400997136124,45.97070931055659,low,0.9290688058992601,synthetic_demo,True
815,train,23.73872593464717,44.172661282108,low,0.9381323883776456,synthetic_demo,True
816,train,57.586400835555494,47.74403104091673,low,0.9408113396511353,synthetic_demo,True
817,train,36.20856319243757,46.612564689064705,low,0.9504670139278893,synthetic_demo,True
818,train,52.954117895082085,47.97565070951389,low,0.9637193075913467,synthetic_demo,True
819,train,24.130741368197416,43.130211110547954,low,0.924319285081075,synthetic_demo,True
820,test,47.97823225695616,46.8725918931407,low,0.9387383035388744,synthetic_demo,True
821,test,30.662359103042135,44.44215357952584,low,0.9210661012122101,synthetic_demo,True
822,train,49.996750043259865,47.88868859214599,low,0.9120998870452683,synthetic_demo,True
823,train,43.062955162738554,45.51977325353148,low,0.9286359586951874,synthetic_demo,True
824,train,35.166415607339665,45.117791381894335,low,0.9402177864404467,synthetic_demo,True
825,train,48.2898016164921,48.22801387616783,low,0.9420359819710188,synthetic_demo,True
826,train,27.01025627467685,44.99613335062384,low,0.9484397122748719,synthetic_demo,True
827,test,35.767105049098035,45.623794125342535,low,0.9566918429459922,synthetic_demo,True
828,test,47.23282491719388,45.79925909051216,low,0.9372905675556393,synthetic_demo,True
829,train,29.666393769692394,45.2485342609381,low,0.9525090455115902,synthetic_demo,True
830,train,42.18606464150993,46.12552493086226,low,0.9691975837669746,synthetic_demo,True
831,train,34.588825402577136,43.99448355026016,low,0.943660986428408,synthetic_demo,True
832,test,30.64314292223753,45.27649648671268,low,0.9699374843142449,synthetic_demo,True
833,train,40.359570784925104,45.42151530528811,low,0.9204923679720161,synthetic_demo,True
834,train,35.92230079075238,44.25702697669453,low,0.9462810869459126,synthetic_demo,True
835,train,37.32141437699251,45.90462063948528,low,0.9694030042703161,synthetic_demo,True
836,train,44.3651412476856,46.767556324679354,low,0.943526248980271,synthetic_demo,True
837,test,26.038043398326614,44.38101050375726,low,0.9482708637608993,synthetic_demo,True
838,train,37.120810582440726,45.18515890756458,low,0.93345730242674,synthetic_demo,True
839,train,40.44222098593517,45.569952491197355,low,0.9622874773645322,synthetic_demo,True
840,train,45.23184339469892,46.40419791450484,low,0.9208715990903433,synthetic_demo,True
841,train,44.200012359795295,45.8430269221368,low,0.9526991266058188,synthetic_demo,True
842,train,46.67055405227476,45.73750051865488,low,0.9490821257320468,synthetic_demo,True
843,test,43.373130337323026,47.349351187884885,low,0.935448451677571,synthetic_demo,True
844,train,47.05718183977318,47.12097579375824,low,0.9324852481414431,synthetic_demo,True
845,train,41.55491047114594,47.34612421478573,low,0.9343644290246539,synthetic_demo,True
846,train,52.44620337574224,46.772186404957594,low,0.9667286637124001,synthetic_demo,True
847,train,42.010537205262786,45.960553619704406,low,0.9548202509059494,synthetic_demo,True
848,train,40.09282803772201,46.57807104687587,low,0.9301342793962392,synthetic_demo,True
849,train,34.17570822232327,45.696657859810216,low,0.9346257789553705,synthetic_demo,True
850,test,39.84507333218216,45.33962626642341,low,0.9493532048587668,synthetic_demo,True
851,test,30.563865298429437,44.738531446783725,low,0.9565304198668856,synthetic_demo,True
852,train,40.45817823850574,44.928297686087824,low,0.9555733816433467,synthetic_demo,True
853,train,41.360475916968355,44.62386226461957,low,0.9261376059129174,synthetic_demo,True
854,train,39.676579356087046,43.605553826234754,low,0.9338529247546478,synthetic_demo,True
855,train,49.16982831350305,46.86978536400216,low,0.9596564153083355,synthetic_demo,True
856,train,39.85708744822835,46.771739603910554,low,0.970396489743982,synthetic_demo,True
857,train,43.53971764496323,43.87808554699901,low,0.9517518874830064,synthetic_demo,True
858,train,30.423755139845575,43.80014385119135,low,0.9696319644966259,synthetic_demo,True
859,train,36.028708705813486,44.89130754308403,low,0.9497467272961762,synthetic_demo,True
860,train,38.9338090936389,44.851814935384134,low,0.9589096393961732,synthetic_demo,True
861,test,34.48223059955205,45.254071444139434,low,0.9159673063898155,synthetic_demo,True
862,train,36.560917626771634,44.58653461754618,low,0.924868008915976,synthetic_demo,True
863,test,36.209395843546666,46.54485413209909,low,0.9411199658342848,synthetic_demo,True
864,test,37.7597212849353,45.154664624091026,low,0.9255299194672746,synthetic_demo,True
865,train,42.26618493174284,46.28153561136197,low,0.9308126998632367,synthetic_demo,True
866,train,50.38013318286624,47.563591501394896,low,0.9548083944169964,synthetic_demo,True
867,train,34.84425903213976,44.902158331724486,low,0.9390753588407706,synthetic_demo,True
868,train,46.04351744990382,48.53535800468292,low,0.9440281848735547,synthetic_demo,True
869,train,44.22043402787908,47.21321646816314,low,0.957574309039142,synthetic_demo,True
870,train,43.33343779724022,45.81105298687419,low,0.9460420652298405,synthetic_demo,True
871,train,45.74636909950702,46.97709311354703,low,0.9460382245767872,synthetic_demo,True
872,train,41.20918668742932,46.28338098830495,low,0.9533025566030209,synthetic_demo,True
873,train,33.69030178077567,46.383919416097825,low,0.9415748642975043,synthetic_demo,True
874,train,39.663057964948656,47.96400872339374,low,0.963574180450657,synthetic_demo,True
875,train,45.45629851108065,45.845170776218374,low,0.8952383376540591,synthetic_demo,True
876,train,28.591657676860926,43.23253768418984,low,0.9405058855021706,synthetic_demo,True
877,test,27.683303104181476,44.237462030565325,low,0.9324930352490008,synthetic_demo,True
878,train,53.81329934533857,48.660723758115246,low,0.9045913261080792,synthetic_demo,True
879,train,46.200884983476406,44.81089898686446,low,0.9094012488833131,synthetic_demo,True
880,train,31.64314020453625,44.71332208337031,low,0.9293529595123419,synthetic_demo,True
881,train,49.2811124063396,47.186717712300755,low,0.9314281409957691,synthetic_demo,True
882,train,40.8819545291143,44.76542377943639,low,0.9141461207553246,synthetic_demo,True
883,train,27.963361612655767,45.29897037770054,low,0.9431480791765382,synthetic_demo,True
884,train,33.37591368651804,45.10548493224168,low,0.9265709255490886,synthetic_demo,True
885,train,38.288261045408056,46.60477298122819,low,0.9668869709402612,synthetic_demo,True
886,train,38.6359885005007,46.575844009308,low,0.9630679223350656,synthetic_demo,True
887,train,33.7876060121411,45.925123777694246,low,0.9610230488436886,synthetic_demo,True
888,train,45.521995884456686,46.75401781084349,low,0.9276882598006052,synthetic_demo,True
889,train,32.74942115192656,44.327073050197484,low,0.9281608406828469,synthetic_demo,True
890,train,37.80371435984487,45.27367790659347,low,0.951504593779712,synthetic_demo,True
891,train,32.0022780732683,44.89527431619851,low,0.9716076732996571,synthetic_demo,True
892,train,37.325200957886686,46.53064032743248,low,0.9351097058990554,synthetic_demo,True
893,test,34.744795710076694,44.551962863292914,low,0.960456501933908,synthetic_demo,True
894,train,32.80069267263571,46.06627751319614,low,0.9596322301015561,synthetic_demo,True
895,train,46.535288409644096,46.472102049393236,low,0.9294896229156738,synthetic_demo,True
896,train,24.572554907529746,44.35392705737448,low,0.9596114027294714,synthetic_demo,True
897,train,43.861836879626814,44.70488923348314,low,0.9251040900026877,synthetic_demo,True
898,train,41.40505447317746,45.92837582074289,low,0.968826410712316,synthetic_demo,True
899,train,49.23375392357593,47.920576400779964,low,0.9388877490055058,synthetic_demo,True
900,train,50.24713743318726,45.49234161799184,low,0.9082354317812819,synthetic_demo,True
901,train,39.98304941345542,46.7727196242887,low,0.950057905307044,synthetic_demo,True
902,train,31.200909253509028,43.68383041043398,low,0.9467680045850511,synthetic_demo,True
903,train,43.58114412176246,47.35804560631614,low,0.9586900667241094,synthetic_demo,True
904,train,24.099374787235117,44.54092883716691,low,0.9331165725834447,synthetic_demo,True
905,train,31.25221335991366,45.06884175060212,low,0.9526627869455392,synthetic_demo,True
906,train,37.28806242189844,45.362307916370966,low,0.9519315074874525,synthetic_demo,True
907,train,38.60177528467108,46.50663685691584,low,0.9311921937085925,synthetic_demo,True
908,test,43.086506568851476,45.17090967999562,low,0.9447004448931735,synthetic_demo,True
909,train,35.526602864637574,44.72052753903965,low,0.9400176126728769,synthetic_demo,True
910,test,37.72020176028798,46.73008038347918,low,0.9672353870368139,synthetic_demo,True
911,train,54.5735586151022,47.107464323489324,low,0.964650541871097,synthetic_demo,True
912,test,38.61397719902953,46.487662837841604,low,0.9582304796345268,synthetic_demo,True
913,train,44.786727834248,46.355538008893745,low,0.8890197997709279,synthetic_demo,True
914,train,40.555515924875166,45.56665417047292,low,0.9399467386301987,synthetic_demo,True
915,train,37.16609176953853,45.498188422835184,low,0.9673987190159834,synthetic_demo,True
916,train,41.8237215187553,46.450956845839066,low,0.9643362110532173,synthetic_demo,True
917,train,50.68712356638495,47.048512613569514,low,0.9659214238322907,synthetic_demo,True
918,test,38.74867306326492,47.55912043049836,low,0.9593175215749804,synthetic_demo,True
919,train,37.341875921354465,44.91253853624363,low,0.9565752236939242,synthetic_demo,True
920,train,36.56643986886255,47.15284908584992,low,0.9637126315744323,synthetic_demo,True
921,train,30.67938792691415,45.54670486060953,low,0.9753772615843216,synthetic_demo,True
922,train,27.01573691916771,45.75103973914851,low,0.9553339234538433,synthetic_demo,True
923,train,32.507096422443595,43.73118612555621,low,0.9486488020317722,synthetic_demo,True
924,train,36.64823654348701,43.787052348292185,low,0.9450650592389306,synthetic_demo,True
925,train,30.82528065666156,43.51858892648702,low,0.9530084555673113,synthetic_demo,True
926,train,44.39563363186385,46.10723149447554,low,0.9229042381004539,synthetic_demo,True
927,test,37.608411988652314,45.53650932765816,low,0.908151080004764,synthetic_demo,True
928,train,53.65137999121528,48.03708061508986,low,0.9242864809421941,synthetic_demo,True
929,train,42.02665125207483,45.84039423091893,low,0.9356340162227258,synthetic_demo,True
930,train,30.677068745209944,44.54893933059888,low,0.9386872792855429,synthetic_demo,True
931,train,36.81468174659054,44.91517052758142,low,0.9528880418164738,synthetic_demo,True
932,test,40.708555654326084,44.72921003456178,low,0.9363601580154705,synthetic_demo,True
933,train,39.65956519030209,46.09500959759955,low,0.9703571848161084,synthetic_demo,True
934,train,41.973981279975455,46.324964201429516,low,0.9431735863622303,synthetic_demo,True
935,train,61.9799966041906,49.33160722662841,low,0.9229484964373135,synthetic_demo,True
936,train,51.627994218253434,46.37386716766596,low,0.9249051930034722,synthetic_demo,True
937,train,30.988902157320098,43.127739432632616,low,0.9405853936377461,synthetic_demo,True
938,train,49.2079268655037,48.54771557802404,low,0.9383805990587583,synthetic_demo,True
939,test,41.37528229587106,45.84103596040901,low,0.9451442638204842,synthetic_demo,True
940,train,36.9842362368567,45.48570865336769,low,0.9583904136102552,synthetic_demo,True
941,train,26.254051158957985,43.48354837573689,low,0.9260269179594882,synthetic_demo,True
942,train,32.69516032739171,42.63038328685742,low,0.9336996202928407,synthetic_demo,True
943,test,37.65494852684381,46.180266731200334,low,0.9416848890997656,synthetic_demo,True
944,train,34.919234048853895,45.22686097607854,low,0.9549589576607612,synthetic_demo,True
945,train,30.266401221753558,43.43315943470347,low,0.9276723436940617,synthetic_demo,True
946,train,40.795232701391726,46.566797093789944,low,0.9399387974406533,synthetic_demo,True
947,train,32.08900489108106,46.59960504590895,low,0.9427492738028357,synthetic_demo,True
948,test,50.22091288107835,47.1812647036895,low,0.9705084515909622,synthetic_demo,True
949,train,40.6017716478943,45.147569674962405,low,0.9148089115399901,synthetic_demo,True
950,train,33.11682484165611,45.72552965109467,low,0.9070300020620504,synthetic_demo,True
951,train,38.65447020104018,46.268447312984364,low,0.9650046320318613,synthetic_demo,True
952,train,37.75762276758077,44.743285540766244,low,0.9124925512655714,synthetic_demo,True
953,test,37.06225460845331,46.905914626659694,low,0.9411532549347462,synthetic_demo,True
954,train,50.174872428010076,46.45729991701293,low,0.9437679377401081,synthetic_demo,True
955,train,43.11102324428674,44.953521777223756,low,0.9454385619658477,synthetic_demo,True
956,test,31.783621808461394,46.05097447755355,low,0.9384765086142307,synthetic_demo,True
957,train,43.55929210076659,45.81022097436927,low,0.9309166754711876,synthetic_demo,True
958,train,35.49054766536798,45.13899905062636,low,0.9616777103947477,synthetic_demo,True
959,train,34.79580686208548,46.0185260784121,low,0.9657302488595965,synthetic_demo,True
960,train,48.06016491046803,48.57038500262833,low,0.9371049220993286,synthetic_demo,True
961,test,41.0976723800661,47.02789265239649,low,0.9546239789196875,synthetic_demo,True
962,test,30.086093743829288,43.93271779213938,low,0.9333034668390309,synthetic_demo,True
963,train,36.01503911173111,45.17768509745718,low,0.9579032731294449,synthetic_demo,True
964,train,41.1823732581356,45.09006047713744,low,0.9582798246661057,synthetic_demo,True
965,train,46.57795955597113,46.02984537121749,low,0.9280274930951677,synthetic_demo,True
966,train,40.33307228766485,44.98355126489008,low,0.940742030090305,synthetic_demo,True
967,test,36.33363053834765,45.73547954334639,low,0.9688627657870755,synthetic_demo,True
968,train,47.91615346017349,46.02011325517038,low,0.9591745217314633,synthetic_demo,True
969,train,40.18407789190538,46.13234643774392,low,0.955363347757042,synthetic_demo,True
970,test,31.275750063456247,44.93732200161781,low,0.9574885790924259,synthetic_demo,True
971,train,49.041889932700315,47.0695856528933,low,0.9456572691481971,synthetic_demo,True
972,train,23.055967768258117,44.20375473664223,low,0.9554394647280421,synthetic_demo,True
973,test,38.12966627327379,46.60540442658301,low,0.9320128222611513,synthetic_demo,True
974,test,41.638713575428035,46.99517554536852,low,0.9517219727556768,synthetic_demo,True
975,train,30.44573000328286,43.67398536853829,low,0.9402900208305842,synthetic_demo,True
976,train,37.85270077998639,47.608773573260144,low,0.9347873855301623,synthetic_demo,True
977,train,40.14047247253431,45.439170143063414,low,0.950441676689479,synthetic_demo,True
978,train,44.23219121207502,47.09208273300135,low,0.9630991238416604,synthetic_demo,True
979,train,51.56715097126631,47.208522957869086,low,0.9359086598254086,synthetic_demo,True
980,train,37.24174328004414,44.25074785041348,low,0.9619343310377932,synthetic_demo,True
981,train,35.19791847366636,44.33884102374635,low,0.9677868408550584,synthetic_demo,True
982,test,39.43801826625571,46.501981262725344,low,0.9476192963775855,synthetic_demo,True
983,train,35.841166848741075,46.01742414578973,low,0.93730061499933,synthetic_demo,True
984,train,22.87087445689154,42.70709558632358,low,0.9253732218508814,synthetic_demo,True
985,train,47.75543487821403,46.8836845463948,low,0.9541173683650106,synthetic_demo,True
986,train,33.68117661853798,44.575360312007355,low,0.9404521026087903,synthetic_demo,True
987,train,37.98252835898241,44.98778024688146,low,0.930988043305775,synthetic_demo,True
988,train,44.48930479076644,46.12324204984854,low,0.9184379251989557,synthetic_demo,True
989,train,39.69719164263439,46.24194568009551,low,0.9556213031846061,synthetic_demo,True
990,train,29.882271269633424,43.95583097233925,low,0.9232506480013422,synthetic_demo,True
991,train,43.76049943368382,47.17298395465318,low,0.9586399859837348,synthetic_demo,True
992,test,45.41588287647902,46.64887659645387,low,0.9585412755300527,synthetic_demo,True
993,train,33.0309975599935,44.572230189320656,low,0.9721303632178698,synthetic_demo,True
994,train,49.67402252796796,47.13311597030504,low,0.9460666162056526,synthetic_demo,True
995,train,40.76327867152278,45.758991846630195,low,0.9331813349619582,synthetic_demo,True
996,train,41.70396500812132,46.602253759479176,low,0.9773113649562332,synthetic_demo,True
997,train,34.393981870947,45.98616884294145,low,0.9760915104203206,synthetic_demo,True
998,train,41.01477835054186,45.24287878551301,low,0.9576094437464077,synthetic_demo,True
999,train,32.90605319555875,44.826504646115495,low,0.9520239369658603,synthetic_demo,True
